Time (ms),Estimated HR (Hz),Estimated HR (bpm),Time to next peak (ms),Heart rate pulse interval (ms),Red LED ADC,IR LED ADC
0,1,60,750,1000,2.81672e+06,3.09709e+06
40,1,60,710,1000,2.81673e+06,3.09712e+06
80,1,60,670,1000,2.81676e+06,3.09716e+06
125,1,60,625,1000,2.8168e+06,3.09722e+06
165,1,60,585,1000,2.81684e+06,3.09732e+06
205,1,60,545,1000,2.8169e+06,3.0974e+06
245,1,60,505,1000,2.81692e+06,3.09746e+06
285,1,60,465,1000,2.81697e+06,3.09754e+06
328,1,60,422,1000,2.81697e+06,3.09759e+06
368,1,60,382,1000,2.81698e+06,3.09762e+06
408,1,60,342,1000,2.81695e+06,3.09765e+06
448,1,60,302,1000,2.81693e+06,3.09766e+06
488,1,60,262,1000,2.81693e+06,3.09768e+06
528,1,60,222,1000,2.81695e+06,3.09772e+06
533,1,60,217,1000,2.81697e+06,3.09779e+06
573,1,60,177,1000,2.81698e+06,3.09784e+06
613,1,60,137,1000,2.81698e+06,3.09773e+06
653,1,60,97,1000,2.81687e+06,3.09735e+06
693,1,60,57,1000,2.81673e+06,3.09696e+06
734,1,60,16,1000,2.8167e+06,3.09683e+06
774,1,60,976,1000,2.81672e+06,3.0968e+06
814,1,60,936,1000,2.81676e+06,3.09684e+06
854,1,60,896,1000,2.81679e+06,3.09696e+06
894,1,60,750,1000,2.81683e+06,3.09713e+06
934,1,60,710,1000,2.81685e+06,3.09722e+06
974,1,60,670,1000,2.81689e+06,3.09725e+06
1014,1,60,630,1000,2.8169e+06,3.09727e+06
1054,1,60,590,1000,2.81693e+06,3.09734e+06
1094,1,60,550,1000,2.81694e+06,3.09742e+06
1134,1,60,510,1000,2.81692e+06,3.09747e+06
1174,1,60,470,1000,2.81696e+06,3.09756e+06
1214,1,60,430,1000,2.81699e+06,3.09759e+06
1254,1,60,390,1000,2.81697e+06,3.09762e+06
1294,1,60,350,1000,2.81694e+06,3.09763e+06
1338,1,60,306,1000,2.81694e+06,3.09767e+06
1378,1,60,266,1000,2.81697e+06,3.09771e+06
1418,1,60,226,1000,2.81696e+06,3.0977e+06
1458,1,60,186,1000,2.81692e+06,3.09769e+06
1498,1,60,146,1000,2.81697e+06,3.09775e+06
1543,1,60,101,1000,2.81706e+06,3.09786e+06
1583,1,60,61,1000,2.81718e+06,3.09798e+06
1623,1,60,21,1000,2.8172e+06,3.09785e+06
1663,1,60,981,1000,2.81709e+06,3.09741e+06
1703,1,60,941,1000,2.81701e+06,3.09714e+06
1744,1,60,900,1000,2.81694e+06,3.09705e+06
1784,1,60,860,1000,2.81691e+06,3.09707e+06
1824,1,60,820,1000,2.81698e+06,3.09716e+06
1864,1,60,780,1000,2.81703e+06,3.09732e+06
1904,1,60,740,1000,2.81709e+06,3.09753e+06
1948,1,60,696,1000,2.81709e+06,3.09764e+06
1988,1,60,656,1000,2.81709e+06,3.09769e+06
2028,1,60,616,1000,2.81712e+06,3.09776e+06
2068,1,60,576,1000,2.81715e+06,3.09782e+06
2108,1,60,536,1000,2.81714e+06,3.09786e+06
2151,1,60,493,1000,2.81714e+06,3.09791e+06
2191,1,60,453,1000,2.81717e+06,3.09796e+06
2231,1,60,413,1000,2.8172e+06,3.098e+06
2271,1,60,373,1000,2.81723e+06,3.09803e+06
2311,1,60,333,1000,2.81729e+06,3.0981e+06
2353,1,60,291,1000,2.81734e+06,3.09816e+06
2393,1,60,251,1000,2.81736e+06,3.09818e+06
2433,1,60,211,1000,2.81734e+06,3.09818e+06
2473,1,60,171,1000,2.81733e+06,3.09821e+06
2513,1,60,131,1000,2.81734e+06,3.09827e+06
2556,1,60,88,1000,2.81734e+06,3.09825e+06
2596,1,60,48,1000,2.81727e+06,3.09806e+06
2636,1,60,8,1000,2.81716e+06,3.09767e+06
2676,1,60,264,1000,2.81706e+06,3.0974e+06
2716,1,60,224,1000,2.81702e+06,3.0973e+06
2756,1,60,184,1000,2.81702e+06,3.09729e+06
2796,1,60,144,1000,2.81706e+06,3.09735e+06
2836,0.967925,58,774,1033,2.81709e+06,3.09748e+06
2876,0.967925,58,734,1033,2.81711e+06,3.09761e+06
2916,0.967925,58,694,1033,2.8171e+06,3.09762e+06
2962,0.967925,58,648,1033,2.81711e+06,3.09769e+06
3002,0.967925,58,608,1033,2.81715e+06,3.09777e+06
3042,0.967925,58,568,1033,2.8172e+06,3.09789e+06
3082,0.967925,58,528,1033,2.81723e+06,3.09797e+06
3122,0.967925,58,488,1033,2.81726e+06,3.09805e+06
3162,0.967925,58,448,1033,2.81727e+06,3.09813e+06
3164,0.967925,58,446,1033,2.81729e+06,3.09816e+06
3204,0.967925,58,406,1033,2.8173e+06,3.09819e+06
3244,0.967925,58,366,1033,2.81731e+06,3.09823e+06
3284,0.967925,58,326,1033,2.81733e+06,3.09828e+06
3324,0.967925,58,286,1033,2.81734e+06,3.0983e+06
3369,0.967925,58,241,1033,2.81731e+06,3.09831e+06
3409,0.967925,58,201,1033,2.8173e+06,3.0983e+06
3449,0.967925,58,161,1033,2.8173e+06,3.09833e+06
3489,0.967925,58,121,1033,2.81733e+06,3.09835e+06
3529,0.967925,58,81,1033,2.81725e+06,3.09808e+06
3574,0.967925,58,36,1033,2.81712e+06,3.09765e+06
3614,0.967925,58,1029,1033,2.81703e+06,3.09741e+06
3654,0.967925,58,989,1033,2.817e+06,3.09731e+06
3694,0.991399,59,756,1008,2.81702e+06,3.09732e+06
3734,0.991399,59,716,1008,2.81702e+06,3.09736e+06
3778,0.991399,59,672,1008,2.81705e+06,3.09751e+06
3818,0.991399,59,632,1008,2.8171e+06,3.09766e+06
3858,0.991399,59,592,1008,2.81713e+06,3.0977e+06
3898,0.991399,59,552,1008,2.81714e+06,3.09774e+06
3938,0.991399,59,512,1008,2.81716e+06,3.09783e+06
3983,0.991399,59,467,1008,2.8172e+06,3.09793e+06
4023,0.991399,59,427,1008,2.81722e+06,3.09799e+06
4063,0.991399,59,387,1008,2.8172e+06,3.09802e+06
4103,0.991399,59,347,1008,2.8172e+06,3.09807e+06
4143,0.991399,59,307,1008,2.81725e+06,3.09816e+06
4188,0.991399,59,262,1008,2.81729e+06,3.0982e+06
4228,0.991399,59,222,1008,2.8173e+06,3.09828e+06
4268,0.991399,59,182,1008,2.81732e+06,3.09833e+06
4308,0.991399,59,142,1008,2.81733e+06,3.09838e+06
4348,0.991399,59,102,1008,2.81732e+06,3.09842e+06
4393,0.991399,59,57,1008,2.81735e+06,3.09849e+06
4433,0.991399,59,17,1008,2.81737e+06,3.09852e+06
4473,0.991399,59,985,1008,2.81736e+06,3.09852e+06
4513,0.991399,59,945,1008,2.81729e+06,3.09832e+06
4553,0.991399,59,905,1008,2.81717e+06,3.0979e+06
4593,0.991399,59,865,1008,2.81708e+06,3.09764e+06
4599,0.991399,59,859,1008,2.81705e+06,3.09753e+06
4639,0.991399,59,819,1008,2.81702e+06,3.09749e+06
4679,0.991399,59,779,1008,2.81702e+06,3.0975e+06
4719,0.991399,59,739,1008,2.81705e+06,3.09762e+06
4759,0.991399,59,699,1008,2.8171e+06,3.09782e+06
4803,0.979118,58,765,1021,2.81711e+06,3.09789e+06
4843,0.979118,58,725,1021,2.81713e+06,3.09792e+06
4883,0.979118,58,685,1021,2.81716e+06,3.09799e+06
4923,0.979118,58,645,1021,2.81718e+06,3.09806e+06
4963,0.979118,58,605,1021,2.81719e+06,3.09813e+06
5010,0.979118,58,558,1021,2.81722e+06,3.09822e+06
5050,0.979118,58,518,1021,2.81725e+06,3.0983e+06
5090,0.979118,58,478,1021,2.81725e+06,3.09832e+06
5130,0.979118,58,438,1021,2.81727e+06,3.09835e+06
5170,0.979118,58,398,1021,2.81728e+06,3.0984e+06
5217,0.979118,58,351,1021,2.81728e+06,3.09842e+06
5257,0.979118,58,311,1021,2.81728e+06,3.09845e+06
5297,0.979118,58,271,1021,2.81729e+06,3.0985e+06
5337,0.979118,58,231,1021,2.8173e+06,3.09854e+06
5377,0.979118,58,191,1021,2.81731e+06,3.09857e+06
5424,0.979118,58,144,1021,2.81729e+06,3.0986e+06
5464,0.979118,58,104,1021,2.81731e+06,3.09858e+06
5504,0.979118,58,64,1021,2.81722e+06,3.09833e+06
5544,0.979118,58,24,1021,2.81709e+06,3.0979e+06
5584,0.979118,58,1005,1021,2.81701e+06,3.09769e+06
5627,0.979118,58,962,1021,2.81698e+06,3.09763e+06
5667,0.979118,58,922,1021,2.81696e+06,3.09761e+06
5707,0.979118,58,882,1021,2.81699e+06,3.0977e+06
5747,0.984339,59,761,1015,2.81707e+06,3.09789e+06
5787,0.984339,59,721,1015,2.8171e+06,3.09803e+06
5831,0.984339,59,677,1015,2.81713e+06,3.09814e+06
5871,0.984339,59,637,1015,2.81715e+06,3.09821e+06
5911,0.984339,59,597,1015,2.81719e+06,3.0983e+06
5951,0.984339,59,557,1015,2.8172e+06,3.09837e+06
5991,0.984339,59,517,1015,2.81721e+06,3.09841e+06
6033,0.984339,59,475,1015,2.81723e+06,3.09845e+06
6073,0.984339,59,435,1015,2.81725e+06,3.09849e+06
6113,0.984339,59,395,1015,2.81725e+06,3.09853e+06
6153,0.984339,59,355,1015,2.81727e+06,3.09858e+06
6193,0.984339,59,315,1015,2.8173e+06,3.09863e+06
6235,0.984339,59,273,1015,2.8173e+06,3.09867e+06
6275,0.984339,59,233,1015,2.8173e+06,3.0987e+06
6315,0.984339,59,193,1015,2.81731e+06,3.09874e+06
6355,0.984339,59,153,1015,2.81732e+06,3.09879e+06
6395,0.984339,59,113,1015,2.81736e+06,3.09884e+06
6440,0.984339,59,68,1015,2.81736e+06,3.09885e+06
6480,0.984339,59,28,1015,2.8173e+06,3.09865e+06
6520,0.984339,59,1003,1015,2.81717e+06,3.09824e+06
6560,0.984339,59,963,1015,2.81708e+06,3.09799e+06
6600,0.984339,59,923,1015,2.81705e+06,3.09795e+06
6645,0.984339,59,878,1015,2.81705e+06,3.09797e+06
6685,0.984339,59,838,1015,2.81706e+06,3.09801e+06
6725,0.984339,59,798,1015,2.8171e+06,3.09818e+06
6765,0.984339,59,758,1015,2.81715e+06,3.09832e+06
6805,0.977612,58,766,1022,2.81717e+06,3.09837e+06
6850,0.977612,58,721,1022,2.8172e+06,3.09839e+06
6890,0.977612,58,681,1022,2.8172e+06,3.09845e+06
6930,0.977612,58,641,1022,2.81722e+06,3.09851e+06
6970,0.977612,58,601,1022,2.81723e+06,3.09857e+06
7010,0.977612,58,561,1022,2.81724e+06,3.09861e+06
7054,0.977612,58,517,1022,2.81726e+06,3.09865e+06
7094,0.977612,58,477,1022,2.81725e+06,3.09866e+06
7134,0.977612,58,437,1022,2.81725e+06,3.09868e+06
7174,0.977612,58,397,1022,2.81729e+06,3.09874e+06
7214,0.977612,58,357,1022,2.81729e+06,3.09877e+06
7258,0.977612,58,313,1022,2.81727e+06,3.09878e+06
7298,0.977612,58,273,1022,2.81728e+06,3.09881e+06
7338,0.977612,58,233,1022,2.81728e+06,3.09883e+06
7378,0.977612,58,193,1022,2.81728e+06,3.09887e+06
7418,0.977612,58,153,1022,2.81729e+06,3.09891e+06
7462,0.977612,58,109,1022,2.81731e+06,3.09892e+06
7502,0.977612,58,69,1022,2.81724e+06,3.09872e+06
7542,0.977612,58,29,1022,2.8171e+06,3.09833e+06
7582,0.977612,58,1011,1022,2.817e+06,3.09808e+06
7622,0.977612,58,971,1022,2.81698e+06,3.09803e+06
7662,0.977612,58,931,1022,2.81698e+06,3.09804e+06
7668,0.98973,59,757,1010,2.817e+06,3.09811e+06
7708,0.98973,59,717,1010,2.81704e+06,3.09828e+06
7748,0.98973,59,677,1010,2.81708e+06,3.0984e+06
7788,0.98973,59,637,1010,2.81709e+06,3.09843e+06
7828,0.98973,59,597,1010,2.8171e+06,3.09846e+06
7874,0.98973,59,551,1010,2.81712e+06,3.0985e+06
7914,0.98973,59,511,1010,2.81714e+06,3.09858e+06
7954,0.98973,59,471,1010,2.81716e+06,3.09862e+06
7994,0.98973,59,431,1010,2.81716e+06,3.09868e+06
8034,0.98973,59,391,1010,2.81718e+06,3.09873e+06
8078,0.98973,59,347,1010,2.81722e+06,3.09878e+06
8118,0.98973,59,307,1010,2.81724e+06,3.09881e+06
8158,0.98973,59,267,1010,2.81723e+06,3.09884e+06
8198,0.98973,59,227,1010,2.81725e+06,3.09886e+06
8238,0.98973,59,187,1010,2.81725e+06,3.0989e+06
8285,0.98973,59,140,1010,2.81726e+06,3.09891e+06
8325,0.98973,59,100,1010,2.81729e+06,3.09898e+06
8365,0.98973,59,60,1010,2.81728e+06,3.09899e+06
8405,0.98973,59,20,1010,2.81726e+06,3.09901e+06
8445,0.98973,59,990,1010,2.81726e+06,3.09899e+06
8487,0.98973,59,948,1010,2.81718e+06,3.09873e+06
8527,0.98973,59,908,1010,2.81704e+06,3.0983e+06
8567,0.98973,59,868,1010,2.81693e+06,3.09806e+06
8607,0.98973,59,828,1010,2.81692e+06,3.09804e+06
8647,0.98973,59,788,1010,2.81695e+06,3.09805e+06
8691,0.98973,59,744,1010,2.81693e+06,3.09809e+06
8731,0.98973,59,704,1010,2.81698e+06,3.09824e+06
8771,0.978464,58,766,1022,2.81702e+06,3.09834e+06
8811,0.978464,58,726,1022,2.81702e+06,3.09839e+06
8851,0.978464,58,686,1022,2.81704e+06,3.09843e+06
8893,0.978464,58,644,1022,2.81705e+06,3.09849e+06
8933,0.978464,58,604,1022,2.81711e+06,3.09861e+06
8973,0.978464,58,564,1022,2.81713e+06,3.09867e+06
9013,0.978464,58,524,1022,2.81713e+06,3.09869e+06
9053,0.978464,58,484,1022,2.81714e+06,3.09873e+06
9097,0.978464,58,440,1022,2.81714e+06,3.09876e+06
9137,0.978464,58,400,1022,2.81712e+06,3.09874e+06
9177,0.978464,58,360,1022,2.81707e+06,3.09871e+06
9217,0.978464,58,320,1022,2.8171e+06,3.09877e+06
9257,0.978464,58,280,1022,2.81713e+06,3.09886e+06
9297,0.978464,58,240,1022,2.81713e+06,3.09888e+06
9298,0.978464,58,239,1022,2.81714e+06,3.0989e+06
9338,0.978464,58,199,1022,2.81717e+06,3.09898e+06
9378,0.978464,58,159,1022,2.8172e+06,3.09905e+06
9418,0.978464,58,119,1022,2.8172e+06,3.09903e+06
9458,0.978464,58,79,1022,2.81709e+06,3.09873e+06
9502,0.978464,58,35,1022,2.81691e+06,3.09827e+06
9542,0.978464,58,1017,1022,2.81685e+06,3.09808e+06
9582,0.978464,58,977,1022,2.81682e+06,3.09807e+06
9622,0.978464,58,937,1022,2.81685e+06,3.09811e+06
9662,0.978464,58,897,1022,2.81689e+06,3.09818e+06
9703,0.984945,59,761,1015,2.81693e+06,3.09835e+06
9743,0.984945,59,721,1015,2.81697e+06,3.09848e+06
9783,0.984945,59,681,1015,2.81698e+06,3.09848e+06
9823,0.984945,59,641,1015,2.81696e+06,3.09849e+06
9863,0.984945,59,601,1015,2.81696e+06,3.09853e+06
9906,0.984945,59,558,1015,2.81699e+06,3.09861e+06
9946,0.984945,59,518,1015,2.817e+06,3.0987e+06
9986,0.984945,59,478,1015,2.81702e+06,3.09875e+06
10026,0.984945,59,438,1015,2.81703e+06,3.0988e+06
10066,0.984945,59,398,1015,2.81706e+06,3.09884e+06
10107,0.984945,59,357,1015,2.81708e+06,3.09891e+06
10147,0.984945,59,317,1015,2.81709e+06,3.09895e+06
10187,0.984945,59,277,1015,2.8171e+06,3.09899e+06
10227,0.984945,59,237,1015,2.81713e+06,3.09904e+06
10267,0.984945,59,197,1015,2.81715e+06,3.09907e+06
10307,0.984945,59,157,1015,2.81714e+06,3.0991e+06
10347,0.984945,59,117,1015,2.81714e+06,3.09913e+06
10387,0.984945,59,77,1015,2.81713e+06,3.09917e+06
10427,0.984945,59,37,1015,2.81714e+06,3.09917e+06
10467,0.984945,59,1012,1015,2.81707e+06,3.09894e+06
10514,0.984945,59,965,1015,2.81693e+06,3.09851e+06
10554,0.984945,59,925,1015,2.81685e+06,3.09832e+06
10594,0.984945,59,885,1015,2.81686e+06,3.09833e+06
10634,0.984945,59,845,1015,2.81686e+06,3.09835e+06
10674,0.984945,59,805,1015,2.81684e+06,3.09836e+06
10718,0.984945,59,761,1015,2.81689e+06,3.09851e+06
10758,0.984945,59,721,1015,2.81696e+06,3.09865e+06
10798,0.976034,58,768,1024,2.81696e+06,3.09869e+06
10838,0.976034,58,728,1024,2.81696e+06,3.09872e+06
10878,0.976034,58,688,1024,2.81699e+06,3.09878e+06
10925,0.976034,58,641,1024,2.81701e+06,3.09883e+06
10965,0.976034,58,601,1024,2.81704e+06,3.09892e+06
11005,0.976034,58,561,1024,2.81705e+06,3.09897e+06
11045,0.976034,58,521,1024,2.81708e+06,3.09904e+06
11085,0.976034,58,481,1024,2.8171e+06,3.09909e+06
11129,0.976034,58,437,1024,2.81711e+06,3.09911e+06
11169,0.976034,58,397,1024,2.81709e+06,3.09913e+06
11209,0.976034,58,357,1024,2.8171e+06,3.09918e+06
11249,0.976034,58,317,1024,2.81713e+06,3.09925e+06
11289,0.976034,58,277,1024,2.81714e+06,3.09929e+06
11329,0.976034,58,237,1024,2.81712e+06,3.0993e+06
11332,0.976034,58,234,1024,2.81713e+06,3.09932e+06
11372,0.976034,58,194,1024,2.81713e+06,3.09936e+06
11412,0.976034,58,154,1024,2.81712e+06,3.09937e+06
11452,0.976034,58,114,1024,2.81707e+06,3.09923e+06
11492,0.976034,58,74,1024,2.81693e+06,3.09886e+06
11536,0.976034,58,30,1024,2.81682e+06,3.09855e+06
11576,0.976034,58,1014,1024,2.81678e+06,3.09847e+06
11616,0.976034,58,974,1024,2.81676e+06,3.09845e+06
11656,0.976034,58,934,1024,2.81678e+06,3.09848e+06
11696,0.985652,59,760,1014,2.81683e+06,3.09859e+06
11736,0.985652,59,720,1014,2.81685e+06,3.0987e+06
11776,0.985652,59,680,1014,2.81687e+06,3.09873e+06
11816,0.985652,59,640,1014,2.81687e+06,3.09876e+06
11856,0.985652,59,600,1014,2.81688e+06,3.09882e+06
11896,0.985652,59,560,1014,2.81692e+06,3.09888e+06
11937,0.985652,59,519,1014,2.81693e+06,3.09895e+06
11977,0.985652,59,479,1014,2.81697e+06,3.099e+06
12017,0.985652,59,439,1014,2.81697e+06,3.09905e+06
12057,0.985652,59,399,1014,2.81698e+06,3.0991e+06
12097,0.985652,59,359,1014,2.81699e+06,3.09912e+06
12143,0.985652,59,313,1014,2.81699e+06,3.09916e+06
12183,0.985652,59,273,1014,2.817e+06,3.0992e+06
12223,0.985652,59,233,1014,2.81702e+06,3.09923e+06
12263,0.985652,59,193,1014,2.81704e+06,3.09926e+06
12303,0.985652,59,153,1014,2.81704e+06,3.09927e+06
12343,0.985652,59,113,1014,2.81705e+06,3.09931e+06
12383,0.985652,59,73,1014,2.81705e+06,3.09936e+06
12423,0.985652,59,33,1014,2.81707e+06,3.09938e+06
12463,0.985652,59,1007,1014,2.81703e+06,3.09927e+06
12503,0.985652,59,967,1014,2.8169e+06,3.09888e+06
12548,0.985652,59,922,1014,2.8168e+06,3.09863e+06
12588,0.985652,59,882,1014,2.81679e+06,3.09859e+06
12628,0.985652,59,842,1014,2.81677e+06,3.09858e+06
12668,0.985652,59,802,1014,2.81678e+06,3.09858e+06
12708,0.985652,59,762,1014,2.81682e+06,3.09869e+06
12753,0.985652,59,717,1014,2.81687e+06,3.09883e+06
12793,0.985652,59,677,1014,2.81687e+06,3.09886e+06
12833,0.973777,58,769,1026,2.81686e+06,3.09887e+06
12873,0.973777,58,729,1026,2.81689e+06,3.09892e+06
12913,0.973777,58,689,1026,2.81692e+06,3.09902e+06
12954,0.973777,58,648,1026,2.81695e+06,3.09906e+06
12994,0.973777,58,608,1026,2.81694e+06,3.09911e+06
13034,0.973777,58,568,1026,2.81698e+06,3.09916e+06
13074,0.973777,58,528,1026,2.81699e+06,3.09921e+06
13114,0.973777,58,488,1026,2.81699e+06,3.09923e+06
13160,0.973777,58,442,1026,2.81698e+06,3.09925e+06
13200,0.973777,58,402,1026,2.817e+06,3.09928e+06
13240,0.973777,58,362,1026,2.81701e+06,3.09931e+06
13280,0.973777,58,322,1026,2.817e+06,3.09935e+06
13320,0.973777,58,282,1026,2.817e+06,3.09937e+06
13360,0.973777,58,242,1026,2.81701e+06,3.0994e+06
13366,0.973777,58,236,1026,2.81702e+06,3.09942e+06
13406,0.973777,58,196,1026,2.81702e+06,3.09941e+06
13446,0.973777,58,156,1026,2.81692e+06,3.09914e+06
13486,0.973777,58,116,1026,2.81676e+06,3.09872e+06
13526,0.973777,58,76,1026,2.81671e+06,3.09859e+06
13573,0.973777,58,29,1026,2.81669e+06,3.09858e+06
13613,0.973777,58,1015,1026,2.81668e+06,3.09854e+06
13653,0.973777,58,975,1026,2.81668e+06,3.09857e+06
13693,0.988297,59,758,1011,2.81672e+06,3.09868e+06
13733,0.988297,59,718,1011,2.81675e+06,3.09879e+06
13773,0.988297,59,678,1011,2.81675e+06,3.09881e+06
13813,0.988297,59,638,1011,2.81676e+06,3.09884e+06
13853,0.988297,59,598,1011,2.81676e+06,3.09888e+06
13893,0.988297,59,558,1011,2.81679e+06,3.09894e+06
13933,0.988297,59,518,1011,2.81682e+06,3.09902e+06
13977,0.988297,59,474,1011,2.81684e+06,3.09907e+06
14017,0.988297,59,434,1011,2.81686e+06,3.09912e+06
14057,0.988297,59,394,1011,2.81687e+06,3.09919e+06
14097,0.988297,59,354,1011,2.81688e+06,3.09924e+06
14137,0.988297,59,314,1011,2.81691e+06,3.09929e+06
14181,0.988297,59,270,1011,2.81692e+06,3.0993e+06
14221,0.988297,59,230,1011,2.81692e+06,3.09932e+06
14261,0.988297,59,190,1011,2.81692e+06,3.09935e+06
14301,0.988297,59,150,1011,2.81693e+06,3.09939e+06
14341,0.988297,59,110,1011,2.81694e+06,3.09942e+06
14383,0.988297,59,68,1011,2.81695e+06,3.09943e+06
14423,0.988297,59,28,1011,2.8169e+06,3.09932e+06
14463,0.988297,59,999,1011,2.81676e+06,3.09894e+06
14503,0.988297,59,959,1011,2.81667e+06,3.0987e+06
14543,0.988297,59,919,1011,2.81665e+06,3.09864e+06
14589,0.988297,59,873,1011,2.81663e+06,3.09863e+06
14629,0.988297,59,833,1011,2.81664e+06,3.09863e+06
14669,0.988297,59,793,1011,2.81667e+06,3.09869e+06
14709,0.988297,59,753,1011,2.8167e+06,3.09882e+06
14749,0.988297,59,713,1011,2.81671e+06,3.09886e+06
14796,0.977241,58,767,1023,2.81673e+06,3.09888e+06
14836,0.977241,58,727,1023,2.81676e+06,3.09894e+06
14876,0.977241,58,687,1023,2.81677e+06,3.09899e+06
14916,0.977241,58,647,1023,2.8168e+06,3.09906e+06
14956,0.977241,58,607,1023,2.81681e+06,3.09912e+06
14996,0.977241,58,567,1023,2.81686e+06,3.09921e+06
14998,0.977241,58,565,1023,2.81688e+06,3.09929e+06
15038,0.977241,58,525,1023,2.8169e+06,3.09933e+06
15078,0.977241,58,485,1023,2.8169e+06,3.09935e+06
15118,0.977241,58,445,1023,2.81693e+06,3.09938e+06
15158,0.977241,58,405,1023,2.81692e+06,3.09941e+06
15200,0.977241,58,363,1023,2.81694e+06,3.09944e+06
15240,0.977241,58,323,1023,2.81695e+06,3.09949e+06
15280,0.977241,58,283,1023,2.81695e+06,3.09951e+06
15320,0.977241,58,243,1023,2.81693e+06,3.09945e+06
15360,0.977241,58,203,1023,2.81681e+06,3.09912e+06
15407,0.977241,58,156,1023,2.81668e+06,3.09881e+06
15447,0.977241,58,116,1023,2.81665e+06,3.0987e+06
15487,0.977241,58,76,1023,2.81664e+06,3.0987e+06
15527,0.977241,58,36,1023,2.81664e+06,3.09867e+06
15567,0.977241,58,1019,1023,2.81665e+06,3.09873e+06
15610,0.977241,58,976,1023,2.8167e+06,3.09887e+06
15650,0.977241,58,936,1023,2.81673e+06,3.09893e+06
15690,0.98761,59,759,1012,2.81672e+06,3.09892e+06
15730,0.98761,59,719,1012,2.81673e+06,3.09896e+06
15770,0.98761,59,679,1012,2.81676e+06,3.09902e+06
15812,0.98761,59,637,1012,2.81677e+06,3.09908e+06
15852,0.98761,59,597,1012,2.81679e+06,3.09917e+06
15892,0.98761,59,557,1012,2.81682e+06,3.09924e+06
15932,0.98761,59,517,1012,2.81683e+06,3.0993e+06
15972,0.98761,59,477,1012,2.81684e+06,3.09934e+06
16020,0.98761,59,429,1012,2.81687e+06,3.09938e+06
16060,0.98761,59,389,1012,2.81688e+06,3.09943e+06
16100,0.98761,59,349,1012,2.81689e+06,3.09946e+06
16140,0.98761,59,309,1012,2.8169e+06,3.09948e+06
16180,0.98761,59,269,1012,2.81692e+06,3.09953e+06
16225,0.98761,59,224,1012,2.81693e+06,3.09958e+06
16265,0.98761,59,184,1012,2.81692e+06,3.09955e+06
16305,0.98761,59,144,1012,2.8168e+06,3.09923e+06
16345,0.98761,59,104,1012,2.81666e+06,3.09889e+06
16385,0.98761,59,64,1012,2.81662e+06,3.09879e+06
16427,0.98761,59,22,1012,2.81662e+06,3.09875e+06
16467,0.98761,59,994,1012,2.8166e+06,3.09873e+06
16507,0.98761,59,954,1012,2.8166e+06,3.09875e+06
16547,0.98761,59,914,1012,2.81663e+06,3.09889e+06
16587,0.992314,59,755,1007,2.81666e+06,3.09894e+06
16630,0.992314,59,712,1007,2.81668e+06,3.099e+06
16670,0.992314,59,672,1007,2.81672e+06,3.09906e+06
16710,0.992314,59,632,1007,2.81672e+06,3.09911e+06
16750,0.992314,59,592,1007,2.81674e+06,3.09919e+06
16790,0.992314,59,552,1007,2.81676e+06,3.09925e+06
16832,0.992314,59,510,1007,2.81678e+06,3.09932e+06
16872,0.992314,59,470,1007,2.81679e+06,3.09936e+06
16912,0.992314,59,430,1007,2.81682e+06,3.0994e+06
16952,0.992314,59,390,1007,2.81683e+06,3.09946e+06
16992,0.992314,59,350,1007,2.81684e+06,3.09949e+06
17033,0.992314,59,309,1007,2.81685e+06,3.09953e+06
17073,0.992314,59,269,1007,2.81688e+06,3.09956e+06
17113,0.992314,59,229,1007,2.81689e+06,3.09961e+06
17153,0.992314,59,189,1007,2.81689e+06,3.09964e+06
17193,0.992314,59,149,1007,2.81686e+06,3.09955e+06
17240,0.992314,59,102,1007,2.81672e+06,3.09916e+06
17280,0.992314,59,62,1007,2.81662e+06,3.09888e+06
17320,0.992314,59,22,1007,2.81658e+06,3.09883e+06
17360,0.992314,59,989,1007,2.81656e+06,3.0988e+06
17400,0.992314,59,949,1007,2.81658e+06,3.09882e+06
17442,0.992314,59,907,1007,2.81661e+06,3.09892e+06
17482,0.992314,59,867,1007,2.81666e+06,3.09904e+06
17522,0.993977,59,754,1006,2.81666e+06,3.09906e+06
17562,0.993977,59,714,1006,2.81666e+06,3.09908e+06
17602,0.993977,59,674,1006,2.81668e+06,3.09915e+06
17648,0.993977,59,628,1006,2.81671e+06,3.09922e+06
17688,0.993977,59,588,1006,2.81673e+06,3.09926e+06
17728,0.993977,59,548,1006,2.81674e+06,3.09936e+06
17768,0.993977,59,508,1006,2.81678e+06,3.09942e+06
17808,0.993977,59,468,1006,2.81681e+06,3.09948e+06
17852,0.993977,59,424,1006,2.81682e+06,3.0995e+06
17892,0.993977,59,384,1006,2.81682e+06,3.09955e+06
17932,0.993977,59,344,1006,2.81684e+06,3.09958e+06
17972,0.993977,59,304,1006,2.81684e+06,3.0996e+06
18012,0.993977,59,264,1006,2.81685e+06,3.09964e+06
18059,0.993977,59,217,1006,2.81687e+06,3.09967e+06
18099,0.993977,59,177,1006,2.81688e+06,3.09973e+06
18139,0.993977,59,137,1006,2.8169e+06,3.09975e+06
18179,0.993977,59,97,1006,2.81685e+06,3.09968e+06
18219,0.993977,59,57,1006,2.81673e+06,3.09934e+06
18262,0.993977,59,14,1006,2.81662e+06,3.09904e+06
18302,0.993977,59,980,1006,2.81658e+06,3.09894e+06
18342,0.993977,59,940,1006,2.81656e+06,3.09892e+06
18382,0.993977,59,900,1006,2.81658e+06,3.09893e+06
18422,0.993977,59,860,1006,2.8166e+06,3.09901e+06
18462,0.993977,59,820,1006,2.81662e+06,3.09912e+06
18467,0.995969,59,753,1004,2.81666e+06,3.09917e+06
18507,0.995969,59,713,1004,2.81666e+06,3.09918e+06
18547,0.995969,59,673,1004,2.81664e+06,3.09919e+06
18587,0.995969,59,633,1004,2.81667e+06,3.09923e+06
18627,0.995969,59,593,1004,2.81667e+06,3.0993e+06
18668,0.995969,59,552,1004,2.81668e+06,3.09935e+06
18708,0.995969,59,512,1004,2.81671e+06,3.09941e+06
18748,0.995969,59,472,1004,2.81674e+06,3.09944e+06
18788,0.995969,59,432,1004,2.81672e+06,3.09946e+06
18828,0.995969,59,392,1004,2.81674e+06,3.09951e+06
18871,0.995969,59,349,1004,2.81674e+06,3.09954e+06
18911,0.995969,59,309,1004,2.81675e+06,3.09959e+06
18951,0.995969,59,269,1004,2.81677e+06,3.09961e+06
18991,0.995969,59,229,1004,2.81677e+06,3.09964e+06
19031,0.995969,59,189,1004,2.81677e+06,3.09966e+06
19077,0.995969,59,143,1004,2.81677e+06,3.09968e+06
19117,0.995969,59,103,1004,2.81678e+06,3.09969e+06
19157,0.995969,59,63,1004,2.81671e+06,3.0995e+06
19197,0.995969,59,23,1004,2.81656e+06,3.09909e+06
19237,0.995969,59,987,1004,2.81648e+06,3.09893e+06
19280,0.995969,59,944,1004,2.81647e+06,3.09888e+06
19320,0.995969,59,904,1004,2.81647e+06,3.09889e+06
19360,0.995969,59,864,1004,2.81649e+06,3.09892e+06
19400,0.999278,59,750,1000,2.81651e+06,3.09903e+06
19440,0.999278,59,710,1000,2.81653e+06,3.09911e+06
19485,0.999278,59,665,1000,2.81653e+06,3.09911e+06
19525,0.999278,59,625,1000,2.81654e+06,3.09914e+06
19565,0.999278,59,585,1000,2.81655e+06,3.09918e+06
19605,0.999278,59,545,1000,2.81658e+06,3.09923e+06
19645,0.999278,59,505,1000,2.8166e+06,3.09929e+06
19691,0.999278,59,459,1000,2.81659e+06,3.09933e+06
19731,0.999278,59,419,1000,2.81662e+06,3.09937e+06
19771,0.999278,59,379,1000,2.81664e+06,3.09943e+06
19811,0.999278,59,339,1000,2.81665e+06,3.09944e+06
19851,0.999278,59,299,1000,2.81664e+06,3.09947e+06
19891,0.999278,59,259,1000,2.81668e+06,3.09955e+06
19931,0.999278,59,219,1000,2.8167e+06,3.09958e+06
19971,0.999278,59,179,1000,2.8167e+06,3.09962e+06
20011,0.999278,59,139,1000,2.81672e+06,3.09968e+06
20051,0.999278,59,99,1000,2.81675e+06,3.09974e+06
20096,0.999278,59,54,1000,2.81678e+06,3.0998e+06
20136,0.999278,59,14,1000,2.81673e+06,3.09965e+06
20176,0.999278,59,974,1000,2.81658e+06,3.09924e+06
20216,0.999278,59,934,1000,2.81648e+06,3.09902e+06
20256,0.999278,59,894,1000,2.81646e+06,3.09898e+06
20296,0.999278,59,854,1000,2.81646e+06,3.09898e+06
20297,0.999278,59,853,1000,2.81646e+06,3.09901e+06
20337,0.999278,59,813,1000,2.81651e+06,3.09911e+06
20377,0.999278,59,773,1000,2.81653e+06,3.09919e+06
20417,0.999278,59,733,1000,2.81655e+06,3.09921e+06
20457,0.999278,59,693,1000,2.81656e+06,3.09922e+06
20502,0.999278,59,648,1000,2.81656e+06,3.09928e+06
20542,0.988448,59,758,1011,2.81659e+06,3.09935e+06
20582,0.988448,59,718,1011,2.81662e+06,3.09942e+06
20622,0.988448,59,678,1011,2.81663e+06,3.09948e+06
20662,0.988448,59,638,1011,2.81667e+06,3.09952e+06
20708,0.988448,59,592,1011,2.81669e+06,3.09958e+06
20748,0.988448,59,552,1011,2.8167e+06,3.09962e+06
20788,0.988448,59,512,1011,2.81671e+06,3.09964e+06
20828,0.988448,59,472,1011,2.81674e+06,3.0997e+06
20868,0.988448,59,432,1011,2.81674e+06,3.09973e+06
20915,0.988448,59,385,1011,2.81675e+06,3.09975e+06
20955,0.988448,59,345,1011,2.81678e+06,3.0998e+06
20995,0.988448,59,305,1011,2.81679e+06,3.09983e+06
21035,0.988448,59,265,1011,2.81678e+06,3.09986e+06
21075,0.988448,59,225,1011,2.81674e+06,3.09971e+06
21122,0.988448,59,178,1011,2.81657e+06,3.09928e+06
21162,0.988448,59,138,1011,2.81649e+06,3.09903e+06
21202,0.988448,59,98,1011,2.81644e+06,3.09896e+06
21242,0.988448,59,58,1011,2.81645e+06,3.09893e+06
21282,0.988448,59,18,1011,2.81646e+06,3.09895e+06
21325,0.988448,59,986,1011,2.81647e+06,3.09902e+06
21365,1.00769,60,744,992,2.8165e+06,3.09912e+06
21405,1.00769,60,704,992,2.81649e+06,3.09915e+06
21445,1.00769,60,664,992,2.8165e+06,3.09915e+06
21485,1.00769,60,624,992,2.81654e+06,3.09921e+06
21530,1.00769,60,579,992,2.81656e+06,3.09926e+06
21570,1.00769,60,539,992,2.81658e+06,3.09933e+06
21610,1.00769,60,499,992,2.81661e+06,3.0994e+06
21650,1.00769,60,459,992,2.81663e+06,3.09945e+06
21690,1.00769,60,419,992,2.81663e+06,3.09951e+06
21730,1.00769,60,379,992,2.81666e+06,3.09955e+06
21733,1.00769,60,376,992,2.81668e+06,3.09958e+06
21773,1.00769,60,336,992,2.81668e+06,3.09962e+06
21813,1.00769,60,296,992,2.81668e+06,3.09965e+06
21853,1.00769,60,256,992,2.81672e+06,3.09971e+06
21893,1.00769,60,216,992,2.81674e+06,3.09976e+06
21937,1.00769,60,172,992,2.81675e+06,3.09979e+06
21977,1.00769,60,132,992,2.81676e+06,3.09986e+06
22017,1.00769,60,92,992,2.81677e+06,3.09986e+06
22057,1.00769,60,52,992,2.81668e+06,3.09959e+06
22097,1.00769,60,12,992,2.81653e+06,3.09918e+06
22141,1.00769,60,960,992,2.81645e+06,3.09901e+06
22181,1.00769,60,920,992,2.81643e+06,3.09897e+06
22221,1.00769,60,880,992,2.81645e+06,3.09897e+06
22261,1.00769,60,840,992,2.81643e+06,3.09898e+06
22301,1.00769,60,800,992,2.81647e+06,3.09911e+06
22345,1.00341,60,747,996,2.81652e+06,3.09923e+06
22385,1.00341,60,707,996,2.81652e+06,3.09923e+06
22425,1.00341,60,667,996,2.81652e+06,3.09924e+06
22465,1.00341,60,627,996,2.81655e+06,3.0993e+06
22505,1.00341,60,587,996,2.81658e+06,3.09936e+06
22550,1.00341,60,542,996,2.8166e+06,3.09944e+06
22590,1.00341,60,502,996,2.81662e+06,3.09951e+06
22630,1.00341,60,462,996,2.81665e+06,3.09957e+06
22670,1.00341,60,422,996,2.81667e+06,3.09961e+06
22710,1.00341,60,382,996,2.81667e+06,3.09965e+06
22751,1.00341,60,341,996,2.81669e+06,3.09968e+06
22791,1.00341,60,301,996,2.8167e+06,3.09974e+06
22831,1.00341,60,261,996,2.81671e+06,3.09979e+06
22871,1.00341,60,221,996,2.81675e+06,3.09985e+06
22911,1.00341,60,181,996,2.81677e+06,3.09988e+06
22953,1.00341,60,139,996,2.81676e+06,3.09992e+06
22993,1.00341,60,99,996,2.81678e+06,3.09997e+06
23033,1.00341,60,59,996,2.81678e+06,3.09994e+06
23073,1.00341,60,19,996,2.81665e+06,3.09961e+06
23113,1.00341,60,975,996,2.81651e+06,3.09924e+06
23154,1.00341,60,934,996,2.81644e+06,3.09909e+06
23194,1.00341,60,894,996,2.81644e+06,3.09904e+06
23234,1.00341,60,854,996,2.81644e+06,3.09902e+06
23274,1.00341,60,814,996,2.81644e+06,3.09905e+06
23314,1.00341,60,774,996,2.81648e+06,3.09918e+06
23357,1.00148,60,748,998,2.81652e+06,3.09926e+06
23397,1.00148,60,708,998,2.81651e+06,3.09926e+06
23437,1.00148,60,668,998,2.81652e+06,3.09929e+06
23477,1.00148,60,628,998,2.81655e+06,3.09935e+06
23517,1.00148,60,588,998,2.81656e+06,3.09942e+06
23560,1.00148,60,545,998,2.81658e+06,3.09947e+06
23600,1.00148,60,505,998,2.81659e+06,3.09954e+06
23640,1.00148,60,465,998,2.81662e+06,3.09962e+06
23680,1.00148,60,425,998,2.81664e+06,3.09968e+06
23720,1.00148,60,385,998,2.81667e+06,3.09972e+06
23765,1.00148,60,340,998,2.81668e+06,3.09976e+06
23805,1.00148,60,300,998,2.81668e+06,3.09979e+06
23845,1.00148,60,260,998,2.81667e+06,3.09983e+06
23885,1.00148,60,220,998,2.8167e+06,3.09987e+06
23925,1.00148,60,180,998,2.81672e+06,3.0999e+06
23965,1.00148,60,140,998,2.81672e+06,3.09994e+06
23970,1.00148,60,135,998,2.81672e+06,3.09997e+06
24010,1.00148,60,95,998,2.81673e+06,3.09995e+06
24050,1.00148,60,55,998,2.81662e+06,3.09961e+06
24090,1.00148,60,15,998,2.81645e+06,3.0992e+06
24130,1.00148,60,973,998,2.81638e+06,3.09906e+06
24174,1.00148,60,929,998,2.81637e+06,3.09904e+06
24214,1.00148,60,889,998,2.81637e+06,3.09904e+06
24254,1.00148,60,849,998,2.81639e+06,3.09908e+06
24294,1.00608,60,744,993,2.81643e+06,3.0992e+06
24334,1.00608,60,704,993,2.81646e+06,3.09926e+06
24376,1.00608,60,662,993,2.81644e+06,3.09927e+06
24416,1.00608,60,622,993,2.81647e+06,3.09931e+06
24456,1.00608,60,582,993,2.8165e+06,3.09937e+06
24496,1.00608,60,542,993,2.81652e+06,3.09944e+06
24536,1.00608,60,502,993,2.81653e+06,3.09951e+06
24577,1.00608,60,461,993,2.81655e+06,3.09958e+06
24617,1.00608,60,421,993,2.81658e+06,3.09965e+06
24657,1.00608,60,381,993,2.81659e+06,3.09969e+06
24697,1.00608,60,341,993,2.81661e+06,3.09973e+06
24737,1.00608,60,301,993,2.81663e+06,3.09979e+06
24779,1.00608,60,259,993,2.81664e+06,3.09983e+06
24819,1.00608,60,219,993,2.81667e+06,3.09987e+06
24859,1.00608,60,179,993,2.81667e+06,3.09991e+06
24899,1.00608,60,139,993,2.8167e+06,3.09997e+06
24939,1.00608,60,99,993,2.81674e+06,3.10003e+06
24982,1.00608,60,56,993,2.81675e+06,3.10004e+06
25022,1.00608,60,16,993,2.81669e+06,3.09987e+06
25062,1.00608,60,969,993,2.81651e+06,3.09943e+06
25102,1.00608,60,929,993,2.81643e+06,3.0992e+06
25142,1.00608,60,889,993,2.81641e+06,3.09914e+06
25184,1.00608,60,847,993,2.81641e+06,3.09914e+06
25224,1.00608,60,807,993,2.81641e+06,3.09916e+06
25264,1.00608,60,767,993,2.81646e+06,3.09927e+06
25304,1.00608,60,727,993,2.8165e+06,3.09938e+06
25344,1.00608,60,687,993,2.81651e+06,3.0994e+06
25390,1.00608,60,641,993,2.8165e+06,3.09939e+06
25430,0.99557,59,753,1004,2.81654e+06,3.09947e+06
25470,0.99557,59,713,1004,2.81656e+06,3.09952e+06
25510,0.99557,59,673,1004,2.81658e+06,3.09958e+06
25550,0.99557,59,633,1004,2.81662e+06,3.09966e+06
25594,0.99557,59,589,1004,2.81663e+06,3.09972e+06
25634,0.99557,59,549,1004,2.81665e+06,3.09977e+06
25674,0.99557,59,509,1004,2.81669e+06,3.09983e+06
25714,0.99557,59,469,1004,2.81668e+06,3.09986e+06
25754,0.99557,59,429,1004,2.81671e+06,3.0999e+06
25800,0.99557,59,383,1004,2.81674e+06,3.09998e+06
25840,0.99557,59,343,1004,2.81676e+06,3.10003e+06
25880,0.99557,59,303,1004,2.81678e+06,3.10007e+06
25920,0.99557,59,263,1004,2.8168e+06,3.10011e+06
25960,0.99557,59,223,1004,2.81677e+06,3.10005e+06
26002,0.99557,59,181,1004,2.81662e+06,3.09964e+06
26042,0.99557,59,141,1004,2.81648e+06,3.09927e+06
26082,0.99557,59,101,1004,2.81642e+06,3.09915e+06
26122,0.99557,59,61,1004,2.8164e+06,3.09911e+06
26162,0.99557,59,21,1004,2.81642e+06,3.09912e+06
26208,0.99557,59,979,1004,2.81641e+06,3.09914e+06
26248,0.99557,59,939,1004,2.81646e+06,3.09926e+06
26288,1.01055,60,741,989,2.81647e+06,3.09933e+06
26328,1.01055,60,701,989,2.81648e+06,3.09934e+06
26368,1.01055,60,661,989,2.81651e+06,3.09939e+06
26415,1.01055,60,614,989,2.81654e+06,3.09945e+06
26455,1.01055,60,574,989,2.81656e+06,3.09951e+06
26495,1.01055,60,534,989,2.81659e+06,3.09959e+06
26535,1.01055,60,494,989,2.81661e+06,3.09967e+06
26575,1.01055,60,454,989,2.81664e+06,3.09973e+06
26617,1.01055,60,412,989,2.81666e+06,3.09979e+06
26657,1.01055,60,372,989,2.81669e+06,3.09984e+06
26697,1.01055,60,332,989,2.81672e+06,3.09988e+06
26737,1.01055,60,292,989,2.81672e+06,3.09992e+06
26777,1.01055,60,252,989,2.81673e+06,3.09996e+06
26822,1.01055,60,207,989,2.81675e+06,3.1e+06
26862,1.01055,60,167,989,2.81678e+06,3.10006e+06
26902,1.01055,60,127,989,2.81679e+06,3.1001e+06
26942,1.01055,60,87,989,2.8168e+06,3.10011e+06
26982,1.01055,60,47,989,2.81677e+06,3.10003e+06
27024,1.01055,60,5,989,2.81661e+06,3.09961e+06
27064,1.01055,60,954,989,2.81648e+06,3.09928e+06
27104,1.01055,60,914,989,2.81642e+06,3.09917e+06
27144,1.01055,60,874,989,2.81641e+06,3.09913e+06
27184,1.01055,60,834,989,2.81641e+06,3.09913e+06
27229,1.01055,60,789,989,2.81642e+06,3.09916e+06
27269,1.01055,60,749,989,2.81647e+06,3.09928e+06
27309,1.00455,60,746,995,2.81648e+06,3.09936e+06
27349,1.00455,60,706,995,2.8165e+06,3.09938e+06
27389,1.00455,60,666,995,2.81652e+06,3.09942e+06
27433,1.00455,60,622,995,2.81657e+06,3.09955e+06
27473,1.00455,60,582,995,2.81657e+06,3.09962e+06
27513,1.00455,60,542,995,2.81662e+06,3.09971e+06
27553,1.00455,60,502,995,2.81666e+06,3.09977e+06
27593,1.00455,60,462,995,2.81667e+06,3.09981e+06
27638,1.00455,60,417,995,2.81667e+06,3.09984e+06
27678,1.00455,60,377,995,2.81669e+06,3.0999e+06
27718,1.00455,60,337,995,2.81672e+06,3.09995e+06
27758,1.00455,60,297,995,2.81675e+06,3.09998e+06
27798,1.00455,60,257,995,2.81674e+06,3.10001e+06
27839,1.00455,60,216,995,2.81676e+06,3.10008e+06
27879,1.00455,60,176,995,2.8168e+06,3.10012e+06
27919,1.00455,60,136,995,2.8168e+06,3.10014e+06
27959,1.00455,60,96,995,2.81678e+06,3.10015e+06
27999,1.00455,60,56,995,2.81671e+06,3.09989e+06
28040,1.00455,60,15,995,2.81653e+06,3.09943e+06
28080,1.00455,60,970,995,2.81645e+06,3.09924e+06
28120,1.00455,60,930,995,2.81643e+06,3.09916e+06
28160,1.00455,60,890,995,2.81641e+06,3.09915e+06
28200,1.00455,60,850,995,2.81642e+06,3.09913e+06
28245,1.00455,60,805,995,2.81642e+06,3.09923e+06
28285,1.00615,60,744,993,2.81647e+06,3.09933e+06
28325,1.00615,60,704,993,2.81648e+06,3.09935e+06
28365,1.00615,60,664,993,2.8165e+06,3.0994e+06
28405,1.00615,60,624,993,2.81653e+06,3.09944e+06
28447,1.00615,60,582,993,2.81654e+06,3.09949e+06
28487,1.00615,60,542,993,2.81655e+06,3.09957e+06
28527,1.00615,60,502,993,2.8166e+06,3.09965e+06
28567,1.00615,60,462,993,2.81663e+06,3.09971e+06
28607,1.00615,60,422,993,2.81664e+06,3.09974e+06
28653,1.00615,60,376,993,2.81665e+06,3.0998e+06
28693,1.00615,60,336,993,2.81667e+06,3.09984e+06
28733,1.00615,60,296,993,2.81669e+06,3.09989e+06
28773,1.00615,60,256,993,2.8167e+06,3.09992e+06
28813,1.00615,60,216,993,2.81671e+06,3.09997e+06
28856,1.00615,60,173,993,2.81673e+06,3.09999e+06
28896,1.00615,60,133,993,2.81676e+06,3.10004e+06
28936,1.00615,60,93,993,2.81677e+06,3.10008e+06
28976,1.00615,60,53,993,2.8168e+06,3.10011e+06
29016,1.00615,60,13,993,2.81676e+06,3.10006e+06
29063,1.00615,60,959,993,2.8166e+06,3.09963e+06
29103,1.00615,60,919,993,2.81645e+06,3.09925e+06
29143,1.00615,60,879,993,2.81642e+06,3.09915e+06
29183,1.00615,60,839,993,2.81638e+06,3.0991e+06
29223,1.00615,60,799,993,2.81638e+06,3.09905e+06
29263,1.00615,60,759,993,2.8164e+06,3.09911e+06
29266,1.00615,60,756,993,2.81644e+06,3.09922e+06
29306,1.00337,60,747,996,2.81645e+06,3.09928e+06
29346,1.00337,60,707,996,2.81646e+06,3.0993e+06
29386,1.00337,60,667,996,2.81648e+06,3.09934e+06
29426,1.00337,60,627,996,2.81648e+06,3.09941e+06
29470,1.00337,60,583,996,2.8165e+06,3.09948e+06
29510,1.00337,60,543,996,2.81655e+06,3.09954e+06
29550,1.00337,60,503,996,2.81656e+06,3.09958e+06
29590,1.00337,60,463,996,2.81658e+06,3.09964e+06
29630,1.00337,60,423,996,2.8166e+06,3.0997e+06
29674,1.00337,60,379,996,2.8166e+06,3.09972e+06
29714,1.00337,60,339,996,2.81662e+06,3.09979e+06
29754,1.00337,60,299,996,2.81666e+06,3.09987e+06
29794,1.00337,60,259,996,2.81669e+06,3.09994e+06
29834,1.00337,60,219,996,2.8167e+06,3.09998e+06
29875,1.00337,60,178,996,2.81671e+06,3.10001e+06
29915,1.00337,60,138,996,2.81674e+06,3.10008e+06
29955,1.00337,60,98,996,2.81677e+06,3.10014e+06
29995,1.00337,60,58,996,2.81677e+06,3.10014e+06
30035,1.00337,60,18,996,2.8167e+06,3.09997e+06
30079,1.00337,60,970,996,2.81652e+06,3.09951e+06
30119,1.00337,60,930,996,2.81641e+06,3.09922e+06
30159,1.00337,60,890,996,2.81638e+06,3.09915e+06
30199,1.00337,60,850,996,2.81636e+06,3.09914e+06
30239,1.00337,60,810,996,2.81636e+06,3.09913e+06
30282,1.00337,60,767,996,2.81639e+06,3.09921e+06
30322,1.00337,60,727,996,2.81644e+06,3.09934e+06
30362,0.999277,59,750,1000,2.81645e+06,3.09934e+06
30402,0.999277,59,710,1000,2.81644e+06,3.09935e+06
30442,0.999277,59,670,1000,2.81647e+06,3.0994e+06
30488,0.999277,59,624,1000,2.8165e+06,3.09947e+06
30528,0.999277,59,584,1000,2.81653e+06,3.09954e+06
30568,0.999277,59,544,1000,2.81656e+06,3.09961e+06
30608,0.999277,59,504,1000,2.81656e+06,3.09967e+06
30648,0.999277,59,464,1000,2.81659e+06,3.09973e+06
30692,0.999277,59,420,1000,2.81661e+06,3.09978e+06
30732,0.999277,59,380,1000,2.81664e+06,3.09983e+06
30772,0.999277,59,340,1000,2.81665e+06,3.09988e+06
30812,0.999277,59,300,1000,2.81665e+06,3.09992e+06
30852,0.999277,59,260,1000,2.81669e+06,3.09997e+06
30892,0.999277,59,220,1000,2.8167e+06,3.10002e+06
30932,0.999277,59,180,1000,2.81672e+06,3.10006e+06
30972,0.999277,59,140,1000,2.81674e+06,3.1001e+06
31012,0.999277,59,100,1000,2.81675e+06,3.10014e+06
31052,0.999277,59,60,1000,2.81671e+06,3.10001e+06
31097,0.999277,59,15,1000,2.81653e+06,3.09958e+06
31137,0.999277,59,975,1000,2.8164e+06,3.09927e+06
31177,0.999277,59,935,1000,2.81636e+06,3.09919e+06
31217,0.999277,59,895,1000,2.81636e+06,3.09918e+06
31257,0.999277,59,855,1000,2.81635e+06,3.09918e+06
31297,0.999277,59,815,1000,2.8164e+06,3.09929e+06
31303,0.999277,59,809,1000,2.81644e+06,3.09939e+06
31343,1.00119,60,748,998,2.81644e+06,3.09942e+06
31383,1.00119,60,708,998,2.81644e+06,3.09944e+06
31423,1.00119,60,668,998,2.81648e+06,3.09949e+06
31463,1.00119,60,628,998,2.81651e+06,3.09957e+06
31503,1.00119,60,588,998,2.81652e+06,3.09965e+06
31543,1.00119,60,548,998,2.81658e+06,3.09973e+06
31583,1.00119,60,508,998,2.81661e+06,3.0998e+06
31623,1.00119,60,468,998,2.81664e+06,3.09986e+06
31663,1.00119,60,428,998,2.81665e+06,3.09989e+06
31706,1.00119,60,385,998,2.81667e+06,3.09993e+06
31746,1.00119,60,345,998,2.8167e+06,3.09999e+06
31786,1.00119,60,305,998,2.81672e+06,3.10003e+06
31826,1.00119,60,265,998,2.81672e+06,3.10007e+06
31866,1.00119,60,225,998,2.81674e+06,3.10012e+06
31906,1.00119,60,185,998,2.81676e+06,3.10016e+06
31946,1.00119,60,145,998,2.81679e+06,3.10021e+06
31986,1.00119,60,105,998,2.81679e+06,3.1002e+06
32026,1.00119,60,65,998,2.81667e+06,3.09985e+06
32066,1.00119,60,25,998,2.8165e+06,3.09942e+06
32106,1.00119,60,983,998,2.81642e+06,3.09925e+06
32146,1.00119,60,943,998,2.8164e+06,3.09921e+06
32186,1.00119,60,903,998,2.81641e+06,3.09922e+06
32226,1.00119,60,863,998,2.81641e+06,3.09924e+06
32266,1.00119,60,823,998,2.81645e+06,3.09935e+06
32313,1.00119,60,776,998,2.81647e+06,3.09944e+06
32353,0.999336,59,750,1000,2.8165e+06,3.09946e+06
32393,0.999336,59,710,1000,2.8165e+06,3.09947e+06
32433,0.999336,59,670,1000,2.81652e+06,3.09955e+06
32473,0.999336,59,630,1000,2.81654e+06,3.09962e+06
32517,0.999336,59,586,1000,2.81658e+06,3.0997e+06
32557,0.999336,59,546,1000,2.8166e+06,3.09977e+06
32597,0.999336,59,506,1000,2.81665e+06,3.09987e+06
32637,0.999336,59,466,1000,2.81668e+06,3.09991e+06
32677,0.999336,59,426,1000,2.8167e+06,3.09996e+06
32719,0.999336,59,384,1000,2.8167e+06,3.10001e+06
32759,0.999336,59,344,1000,2.81674e+06,3.10007e+06
32799,0.999336,59,304,1000,2.81678e+06,3.10013e+06
32839,0.999336,59,264,1000,2.8168e+06,3.10018e+06
32879,0.999336,59,224,1000,2.81682e+06,3.10023e+06
32925,0.999336,59,178,1000,2.81685e+06,3.10026e+06
32965,0.999336,59,138,1000,2.81686e+06,3.1003e+06
33005,0.999336,59,98,1000,2.81682e+06,3.1002e+06
33045,0.999336,59,58,1000,2.81665e+06,3.09974e+06
33085,0.999336,59,18,1000,2.81649e+06,3.09937e+06
33130,0.999336,59,973,1000,2.81643e+06,3.09927e+06
33170,0.999336,59,933,1000,2.81642e+06,3.09922e+06
33210,0.999336,59,893,1000,2.81643e+06,3.09921e+06
33250,0.999336,59,853,1000,2.81645e+06,3.09925e+06
33290,0.999336,59,813,1000,2.81648e+06,3.09937e+06
33330,1.00066,60,749,999,2.8165e+06,3.09942e+06
33335,1.00066,60,744,999,2.8165e+06,3.09944e+06
33375,1.00066,60,704,999,2.81653e+06,3.09948e+06
33415,1.00066,60,664,999,2.81655e+06,3.09953e+06
33455,1.00066,60,624,999,2.81656e+06,3.0996e+06
33495,1.00066,60,584,999,2.81659e+06,3.09968e+06
33537,1.00066,60,542,999,2.81662e+06,3.09976e+06
33577,1.00066,60,502,999,2.81666e+06,3.09982e+06
33617,1.00066,60,462,999,2.81666e+06,3.09985e+06
33657,1.00066,60,422,999,2.81669e+06,3.09989e+06
33697,1.00066,60,382,999,2.8167e+06,3.09996e+06
33741,1.00066,60,338,999,2.81672e+06,3.1e+06
33781,1.00066,60,298,999,2.81675e+06,3.10006e+06
33821,1.00066,60,258,999,2.81678e+06,3.10011e+06
33861,1.00066,60,218,999,2.81678e+06,3.10014e+06
33901,1.00066,60,178,999,2.81681e+06,3.10022e+06
33944,1.00066,60,135,999,2.81684e+06,3.10026e+06
33984,1.00066,60,95,999,2.8168e+06,3.10017e+06
34024,1.00066,60,55,999,2.81663e+06,3.09971e+06
34064,1.00066,60,15,999,2.81649e+06,3.09934e+06
34104,1.00066,60,974,999,2.81642e+06,3.09924e+06
34144,1.00066,60,934,999,2.8164e+06,3.09914e+06
34184,1.00066,60,894,999,2.81637e+06,3.0991e+06
34224,1.00066,60,854,999,2.8164e+06,3.09913e+06
34264,1.00066,60,814,999,2.81641e+06,3.09921e+06
34304,1.00146,60,748,998,2.8164e+06,3.09922e+06
34352,1.00146,60,700,998,2.81639e+06,3.09923e+06
34392,1.00146,60,660,998,2.81642e+06,3.09928e+06
34432,1.00146,60,620,998,2.81644e+06,3.09934e+06
34472,1.00146,60,580,998,2.81648e+06,3.09943e+06
34512,1.00146,60,540,998,2.81654e+06,3.09955e+06
34557,1.00146,60,495,998,2.81657e+06,3.09967e+06
34597,1.00146,60,455,998,2.81665e+06,3.09977e+06
34637,1.00146,60,415,998,2.81668e+06,3.09984e+06
34677,1.00146,60,375,998,2.81672e+06,3.09988e+06
34717,1.00146,60,335,998,2.81676e+06,3.09994e+06
34761,1.00146,60,291,998,2.81676e+06,3.1e+06
34801,1.00146,60,251,998,2.81676e+06,3.10002e+06
34841,1.00146,60,211,998,2.8168e+06,3.10007e+06
34881,1.00146,60,171,998,2.81683e+06,3.10012e+06
34921,1.00146,60,131,998,2.81686e+06,3.10018e+06
34962,1.00146,60,90,998,2.81689e+06,3.10013e+06
35002,1.00146,60,50,998,2.81672e+06,3.09968e+06
35042,1.00146,60,10,998,2.81656e+06,3.09932e+06
35082,1.00146,60,968,998,2.81652e+06,3.09923e+06
35122,1.00146,60,928,998,2.81648e+06,3.0992e+06
35165,1.00146,60,885,998,2.81644e+06,3.09918e+06
35205,1.00146,60,845,998,2.81646e+06,3.09926e+06
35245,1.00146,60,805,998,2.81655e+06,3.09944e+06
35285,1.00146,60,765,998,2.8166e+06,3.09954e+06
35325,1.00146,60,725,998,2.81662e+06,3.09955e+06
35371,1.00146,60,679,998,2.81663e+06,3.09958e+06
35411,1.00146,60,639,998,2.81665e+06,3.09961e+06
35451,0.991282,59,756,1008,2.81667e+06,3.09968e+06
35491,0.991282,59,716,1008,2.81669e+06,3.09974e+06
35531,0.991282,59,676,1008,2.81673e+06,3.09982e+06
35573,0.991282,59,634,1008,2.81677e+06,3.09988e+06
35613,0.991282,59,594,1008,2.8168e+06,3.09994e+06
35653,0.991282,59,554,1008,2.81682e+06,3.10002e+06
35693,0.991282,59,514,1008,2.81685e+06,3.10009e+06
35733,0.991282,59,474,1008,2.81689e+06,3.10016e+06
35779,0.991282,59,428,1008,2.81691e+06,3.10022e+06
35819,0.991282,59,388,1008,2.81696e+06,3.10029e+06
35859,0.991282,59,348,1008,2.81701e+06,3.10035e+06
35899,0.991282,59,308,1008,2.81702e+06,3.10041e+06
35939,0.991282,59,268,1008,2.81702e+06,3.10041e+06
35982,0.991282,59,225,1008,2.81693e+06,3.10017e+06
36022,0.991282,59,185,1008,2.81672e+06,3.09971e+06
36062,0.991282,59,145,1008,2.81665e+06,3.09952e+06
36102,0.991282,59,105,1008,2.81663e+06,3.09947e+06
36142,0.991282,59,65,1008,2.81662e+06,3.09945e+06
36184,0.991282,59,23,1008,2.81663e+06,3.09951e+06
36224,0.991282,59,991,1008,2.8167e+06,3.09965e+06
36264,0.991282,59,951,1008,2.81674e+06,3.09973e+06
36304,1.0071,60,744,992,2.81672e+06,3.09971e+06
36344,1.0071,60,704,992,2.81675e+06,3.09974e+06
36385,1.0071,60,663,992,2.8168e+06,3.09983e+06
36425,1.0071,60,623,992,2.81683e+06,3.0999e+06
36465,1.0071,60,583,992,2.81686e+06,3.09998e+06
36505,1.0071,60,543,992,2.8169e+06,3.10004e+06
36545,1.0071,60,503,992,2.81694e+06,3.10012e+06
36587,1.0071,60,461,992,2.81697e+06,3.10015e+06
36627,1.0071,60,421,992,2.81698e+06,3.10019e+06
36667,1.0071,60,381,992,2.81698e+06,3.10025e+06
36707,1.0071,60,341,992,2.81702e+06,3.1003e+06
36747,1.0071,60,301,992,2.81706e+06,3.10036e+06
36791,1.0071,60,257,992,2.81706e+06,3.1004e+06
36831,1.0071,60,217,992,2.81709e+06,3.10045e+06
36871,1.0071,60,177,992,2.8171e+06,3.10049e+06
36911,1.0071,60,137,992,2.8171e+06,3.10044e+06
36951,1.0071,60,97,992,2.81696e+06,3.10007e+06
36995,1.0071,60,53,992,2.81676e+06,3.09964e+06
37035,1.0071,60,13,992,2.81669e+06,3.0995e+06
37075,1.0071,60,965,992,2.81668e+06,3.09946e+06
37115,1.0071,60,925,992,2.81668e+06,3.09945e+06
37155,1.0071,60,885,992,2.81669e+06,3.09948e+06
37195,1.01117,60,741,988,2.81676e+06,3.09965e+06
37200,1.01117,60,736,988,2.8168e+06,3.09972e+06
37240,1.01117,60,696,988,2.8168e+06,3.09974e+06
37280,1.01117,60,656,988,2.81683e+06,3.09979e+06
37320,1.01117,60,616,988,2.81686e+06,3.09987e+06
37360,1.01117,60,576,988,2.8169e+06,3.09995e+06
37402,1.01117,60,534,988,2.81694e+06,3.10002e+06
37442,1.01117,60,494,988,2.81696e+06,3.10009e+06
37482,1.01117,60,454,988,2.817e+06,3.10016e+06
37522,1.01117,60,414,988,2.81705e+06,3.10023e+06
37562,1.01117,60,374,988,2.81705e+06,3.10029e+06
37608,1.01117,60,328,988,2.81708e+06,3.10032e+06
37648,1.01117,60,288,988,2.81709e+06,3.10038e+06
37688,1.01117,60,248,988,2.81711e+06,3.10043e+06
37728,1.01117,60,208,988,2.81713e+06,3.10048e+06
37768,1.01117,60,168,988,2.81716e+06,3.10052e+06
37814,1.01117,60,122,988,2.81718e+06,3.10056e+06
37854,1.01117,60,82,988,2.81718e+06,3.10054e+06
37894,1.01117,60,42,988,2.81705e+06,3.10024e+06
37934,1.01117,60,2,988,2.81684e+06,3.09976e+06
37974,1.01117,60,950,988,2.81676e+06,3.0996e+06
38021,1.01117,60,903,988,2.81675e+06,3.09953e+06
38061,1.01117,60,863,988,2.81673e+06,3.09951e+06
38101,1.01117,60,823,988,2.81674e+06,3.09954e+06
38141,1.01117,60,783,988,2.8168e+06,3.09966e+06
38181,1.00885,60,743,991,2.81686e+06,3.09978e+06
38227,1.00885,60,697,991,2.81687e+06,3.09979e+06
38267,1.00885,60,657,991,2.81687e+06,3.09981e+06
38307,1.00885,60,617,991,2.81691e+06,3.09989e+06
38347,1.00885,60,577,991,2.81694e+06,3.09995e+06
38387,1.00885,60,537,991,2.81698e+06,3.10002e+06
38427,1.00885,60,497,991,2.81701e+06,3.10008e+06
38467,1.00885,60,457,991,2.81702e+06,3.10014e+06
38507,1.00885,60,417,991,2.81704e+06,3.10018e+06
38547,1.00885,60,377,991,2.81707e+06,3.1002e+06
38587,1.00885,60,337,991,2.81709e+06,3.10027e+06
38634,1.00885,60,290,991,2.81709e+06,3.10031e+06
38674,1.00885,60,250,991,2.8171e+06,3.10033e+06
38714,1.00885,60,210,991,2.81711e+06,3.10037e+06
38754,1.00885,60,170,991,2.81714e+06,3.10042e+06
38794,1.00885,60,130,991,2.81716e+06,3.10046e+06
38834,1.00885,60,90,991,2.81716e+06,3.10047e+06
38839,1.00885,60,85,991,2.81704e+06,3.1002e+06
38879,1.00885,60,45,991,2.81683e+06,3.09969e+06
38919,1.00885,60,5,991,2.81675e+06,3.09947e+06
38959,1.00885,60,956,991,2.81671e+06,3.09942e+06
38999,1.00885,60,916,991,2.81669e+06,3.09939e+06
39045,1.00885,60,870,991,2.81669e+06,3.09939e+06
39085,1.01586,60,738,984,2.81673e+06,3.09952e+06
39125,1.01586,60,698,984,2.81677e+06,3.09966e+06
39165,1.01586,60,658,984,2.8168e+06,3.0997e+06
39205,1.01586,60,618,984,2.81682e+06,3.09972e+06
39250,1.01586,60,573,984,2.81686e+06,3.09979e+06
39290,1.01586,60,533,984,2.81688e+06,3.09986e+06
39330,1.01586,60,493,984,2.8169e+06,3.09994e+06
39370,1.01586,60,453,984,2.81695e+06,3.10002e+06
39410,1.01586,60,413,984,2.81698e+06,3.10009e+06
39456,1.01586,60,367,984,2.817e+06,3.10014e+06
39496,1.01586,60,327,984,2.81701e+06,3.1002e+06
39536,1.01586,60,287,984,2.81705e+06,3.10023e+06
39576,1.01586,60,247,984,2.81706e+06,3.1003e+06
39616,1.01586,60,207,984,2.81709e+06,3.10034e+06
39661,1.01586,60,162,984,2.81711e+06,3.1004e+06
39701,1.01586,60,122,984,2.81712e+06,3.10045e+06
39741,1.01586,60,82,984,2.81716e+06,3.1005e+06
39781,1.01586,60,42,984,2.81716e+06,3.10052e+06
39821,1.01586,60,2,984,2.81709e+06,3.1003e+06
39861,1.01586,60,946,984,2.81689e+06,3.09983e+06
39901,1.01586,60,906,984,2.81676e+06,3.09958e+06
39941,1.01586,60,866,984,2.81674e+06,3.09955e+06
39981,1.01586,60,826,984,2.81675e+06,3.09954e+06
40021,1.01586,60,786,984,2.81675e+06,3.09957e+06
