Time (ms),Estimated HR (Hz),Estimated HR (bpm),Time to next peak (ms),Heart rate pulse interval (ms),Red LED ADC,IR LED ADC,Filtered,ZeroCross
1398,1,60,352,1000,2541936,2545117,143488,0
1438,1,60,312,1000,2541955,2545304,572804,0
1478,1,60,272,1000,2542033,2545332,1.06416e+06,0
1518,1,60,232,1000,2542112,2545486,1.30282e+06,0
1620,1,60,130,1000,2542288,2545787,1.20906e+06,0
1660,1,60,90,1000,2542267,2545875,862327,0
1700,1,60,50,1000,2542247,2545999,404949,0
1740,1,60,750,1000,2542363,2546139,-32745.9,1
1780,1,60,710,1000,2542397,2546166,-370434,0
1820,1,60,670,1000,2542349,2546049,-582623,0
1860,1,60,630,1000,2542451,2546119,-683433,0
1900,1,60,590,1000,2542429,2546256,-705340,0
1940,1,60,550,1000,2542438,2546256,-681640,0
1980,1,60,510,1000,2542434,2546254,-636681,0
2022,1,60,468,1000,2542434,2546278,-583566,0
2062,1,60,428,1000,2542437,2546284,-526634,0
2102,1,60,388,1000,2542480,2546424,-465671,0
2142,1,60,348,1000,2542443,2546337,-399611,0
2182,1,60,308,1000,2542254,2545839,-328675,0
2225,1,60,265,1000,2542090,2545434,-254890,0
2265,1,60,225,1000,2542008,2545297,-181527,0
2305,1,60,185,1000,2541982,2545206,-112153,0
2345,1,60,145,1000,2542022,2545252,-49820.4,0
2385,1,60,105,1000,2542015,2545279,3391.45,0
2444,1,60,46,1000,2542044,2545324,46478.9,0
2484,1,60,6,1000,2542083,2545436,79366.3,0
2524,1,60,966,1000,2542070,2545391,102632,0
2564,1,60,926,1000,2542117,2545502,117232,0
2604,1,60,886,1000,2542160,2545582,124299,0
2646,1,60,844,1000,2542276,2545714,125015,0
2686,1,60,804,1000,2542370,2545761,120537,0
2726,1,60,764,1000,2542318,2545910,111964,0
2766,1,60,724,1000,2542359,2546028,100334,0
2866,1,60,624,1000,2542440,2546224,86638.4,0
2906,1,60,584,1000,2542461,2546286,71804.3,0
2946,1,60,544,1000,2542509,2546391,56646.9,0
2986,1,60,504,1000,2542555,2546475,41857.8,0
3026,1,60,464,1000,2542586,2546539,27993.2,0
3068,1,60,422,1000,2542618,2546681,15468.1,0
3108,1,60,382,1000,2542668,2546769,4565.05,0
3148,1,60,750,1000,2542546,2546409,-4561.91,1
3188,1,60,710,1000,2542319,2545988,-11881,0
3228,1,60,670,1000,2542206,2545653,-17434.5,0
3268,1,60,630,1000,2542103,2545422,-21297.5,0
3308,1,60,590,1000,2542102,2545420,-23582.4,0
3348,1,60,550,1000,2542172,2545503,-24444.2,0
3388,1,60,510,1000,2542229,2545728,-24082.6,0
3428,1,60,470,1000,2542255,2545775,-22738.7,0
3488,1,60,410,1000,2542289,2545866,-20668.8,0
3528,1,60,370,1000,2542339,2545971,-18110.7,0
3568,1,60,330,1000,2542443,2546122,-15266.7,0
3608,1,60,290,1000,2542492,2546283,-12305.5,0
3648,1,60,250,1000,2542536,2546395,-9373.23,0
3692,1,60,206,1000,2542579,2546517,-6589.73,0
3732,1,60,166,1000,2542621,2546641,-4043.16,0
3772,1,60,126,1000,2542618,2546354,-1796.31,0
3812,1,60,86,1000,2542577,2546656,107.032,0
3852,1,60,46,1000,2542705,2546791,1654.16,0
3912,1,60,986,1000,2542758,2546886,2862.93,0
3952,1,60,946,1000,2542780,2546982,3750.11,0
3992,1,60,906,1000,2542781,2546957,4326.03,0
4032,1,60,866,1000,2542777,2546971,4611.07,0
4072,1,60,826,1000,2542847,2547106,4644.27,0
4132,1,60,766,1000,2542776,2546971,4471.97,0
4172,1,60,726,1000,2542584,2546479,4123.37,0
4212,1,60,686,1000,2542408,2546074,3623.12,0
4252,1,60,646,1000,2542304,2545826,3021.12,0
4292,1,60,606,1000,2542209,2545630,2385.23,0
4333,1,60,565,1000,2542226,2545671,1778.65,0
4373,1,60,525,1000,2542281,2545755,1248.89,0
4413,1,60,485,1000,2542276,2545746,812.719,0
4453,1,60,445,1000,2542264,2545669,454.359,0
4493,1,60,405,1000,2542303,2545815,153.01,0
4533,1,60,750,1000,2542317,2545836,-100.791,1
4573,1,60,710,1000,2542365,2545965,-309.364,0
4613,1,60,670,1000,2542358,2546096,-473.635,0
4653,1,60,630,1000,2542511,2546173,-588.743,0
4693,1,60,590,1000,2542479,2546234,-650.897,0
4735,1,60,548,1000,2542605,2546242,-668.274,0
4775,1,60,508,1000,2542385,2546213,-663.231,0
4815,1,60,468,1000,2542510,2546263,-656.098,0
4855,1,60,428,1000,2542551,2546302,-633.481,0
4895,1,60,388,1000,2542595,2546485,-577.711,0
4935,1,60,348,1000,2542659,2546598,-492.275,0
4975,1,60,308,1000,2542654,2546620,-390.19,0
5015,1,60,268,1000,2542653,2546626,-291.305,0
5055,1,60,228,1000,2542718,2546752,-205.476,0
5095,1,60,188,1000,2542691,2546692,-132.456,0
5136,1,60,147,1000,2542513,2546277,-85.3923,0
5176,1,60,107,1000,2542329,2545846,-84.8322,0
5216,1,60,67,1000,2542184,2545481,-128.254,0
5256,1,60,27,1000,2542133,2545406,-183.85,0
5296,1,60,987,1000,2542130,2545408,-210.959,0
5338,1,60,945,1000,2542182,2545507,-183.526,0
5378,1,60,905,1000,2542218,2545620,-101.716,0
5418,1,60,865,1000,2542236,2545633,10.1289,0
5458,1,60,825,1000,2542273,2545722,120.34,0
5498,1,60,785,1000,2542279,2545724,205.771,0
5538,1,60,745,1000,2542304,2545769,255.584,0
5578,1,60,705,1000,2542367,2545928,274.127,0
5618,1,60,665,1000,2542403,2545996,274.023,0
5658,1,60,625,1000,2542413,2546013,261.849,0
5698,1,60,585,1000,2542434,2546088,238.453,0
5760,1,60,523,1000,2542445,2546132,205.892,0
5800,1,60,483,1000,2542451,2546105,167.037,0
5840,1,60,443,1000,2542483,2546146,126.123,0
5880,1,60,403,1000,2542490,2546238,87.9953,0
5920,1,60,363,1000,2542555,2546351,56.9688,0
5960,1,60,323,1000,2542590,2546485,36.9722,0
5961,1,60,322,1000,2542630,2546552,26.5549,0
6001,1,60,282,1000,2542619,2546609,17.735,0
6041,1,60,242,1000,2542639,2546558,2.91538,0
6081,1,60,750,1000,2542453,2546129,-29.1304,1
6121,1,60,710,1000,2542286,2545769,-94.8615,0
6162,1,60,669,1000,2542219,2545584,-187.14,0
6202,1,60,629,1000,2542191,2545533,-269.482,0
6242,1,60,589,1000,2542185,2545660,-308.796,0
6282,1,60,549,1000,2542317,2545844,-287.144,0
6322,1,60,509,1000,2542367,2545950,-204.785,0
6363,1,60,468,1000,2542347,2545920,-92.8056,0
6403,1,60,428,1000,2542388,2545986,8.44477,0
6443,1,60,388,1000,2542369,2546055,77.67,0
6483,1,60,348,1000,2542472,2546193,115.369,0
6523,1,60,308,1000,2542537,2546341,137.889,0
6564,1,60,267,1000,2542615,2546522,158.289,0
6604,1,60,227,1000,2542656,2546592,176.948,0
6644,1,60,187,1000,2542724,2546759,189.096,0
6684,1,60,147,1000,2542748,2546708,190.1,0
6724,1,60,107,1000,2542761,2546844,175.322,0
6784,1,60,47,1000,2542805,2546974,145.205,0
6824,1,60,7,1000,2542853,2547064,108.815,0
6864,1,60,967,1000,2542880,2547151,74.496,0
6904,1,60,927,1000,2542947,2547299,46.5385,0
6944,1,60,887,1000,2542986,2547435,27.3936,0
6988,1,60,843,1000,2543023,2547510,14.6779,0
7028,1.00797,60,744,992,2542953,2547359,-2.33932,1
7068,1.00797,60,704,992,2542781,2546916,-43.6662,0
7108,1.00797,60,664,992,2542628,2546550,-122.271,0
7148,1.00797,60,624,992,2542560,2546420,-221.834,0
7206,1.00797,60,566,992,2542616,2546501,-299.792,0
7246,1.00797,60,526,992,2542692,2546706,-315.964,0
7286,1.00797,60,486,992,2542778,2546926,-260.4,0
7326,1.00797,60,446,992,2542821,2547003,-155.991,0
7366,1.00797,60,406,992,2542820,2547096,-42.9962,0
7406,1.00797,60,366,992,2542928,2547184,49.1642,0
7426,1.00797,60,346,992,2542978,2547351,114.976,0
7466,1.00797,60,306,992,2543003,2547529,154.235,0
7506,1.00797,60,266,992,2543107,2547601,170.566,0
7546,1.00797,60,226,992,2543129,2547659,173.73,0
7586,1.00797,60,186,992,2543163,2547759,166.37,0
7627,1.00797,60,145,992,2543209,2547878,149.234,0
7667,1.00797,60,105,992,2543253,2547945,127.327,0
7707,1.00797,60,65,992,2543245,2547931,101.887,0
7747,1.00797,60,25,992,2543186,2548064,66.1944,0
7787,1.00797,60,977,992,2543330,2548148,25.2861,0
7849,1.0365,62,723,964,2543341,2548135,-1.73704,1
7889,1.0365,62,683,964,2543348,2548190,-13.5271,0
7929,1.0365,62,643,964,2543383,2548289,-20.672,0
7969,1.0365,62,603,964,2543322,2548124,-31.4312,0
8009,1.0365,62,563,964,2543152,2547732,-62.4239,0
8049,1.0365,62,523,964,2542984,2547345,-128.181,0
8050,1.0365,62,522,964,2542844,2547005,-220.329,0
8090,1.0365,62,482,964,2542804,2546922,-307.079,0
8130,1.0365,62,442,964,2542805,2546915,-351.024,0
8170,1.0365,62,402,964,2542847,2547038,-331.197,0
8211,1.0365,62,361,964,2542886,2547131,-252.242,0
8252,1.0365,62,320,964,2542887,2547123,-140.487,0
8292,1.0365,62,280,964,2542901,2547161,-29.305,0
8332,1.0365,62,240,964,2542915,2547191,58.9524,0
8372,1.0365,62,200,964,2542974,2547292,119.591,0
8412,1.0365,62,160,964,2543009,2547429,159.065,0
8453,1.0365,62,119,964,2543041,2547513,183.17,0
8493,1.0365,62,79,964,2543038,2547462,192.55,0
8533,1.0365,62,39,964,2543021,2547406,184.871,0
8573,1.0365,62,963,964,2543013,2547398,160.429,0
8613,1.0365,62,923,964,2543039,2547508,127.223,0
8654,1.0365,62,882,964,2543075,2547551,97.4877,0
8694,1.0365,62,842,964,2543051,2547586,75.6671,0
8734,1.0365,62,802,964,2543073,2547704,57.5215,0
8774,1.0365,62,762,964,2543179,2547907,46.6812,0
8814,1.0365,62,722,964,2543167,2547808,47.4893,0
8875,1.0365,62,661,964,2543156,2547807,48.2476,0
8915,1.0365,62,621,964,2543063,2547587,31.8074,0
8955,1.01089,60,741,989,2542875,2547184,-16.967,1
8995,1.01089,60,701,989,2542767,2546949,-100.047,0
9035,1.01089,60,661,989,2542719,2546816,-191.431,0
9098,1.01089,60,598,989,2542692,2546777,-255.146,0
9138,1.01089,60,558,989,2542766,2546928,-266.298,0
9178,1.01089,60,518,989,2542865,2547179,-215.168,0
9218,1.01089,60,478,989,2542985,2547535,-111.629,0
9258,1.01089,60,438,989,2543138,2547810,20.4299,0
9298,1.01089,60,398,989,2543166,2547858,148.372,0
9318,1.01089,60,378,989,2543200,2547929,236.716,0
9358,1.01089,60,338,989,2543252,2548043,270.059,0
9398,1.01089,60,298,989,2543296,2548101,258.293,0
9438,1.01089,60,258,989,2543305,2548135,218.29,0
9478,1.01089,60,218,989,2543287,2548106,162.001,0
9519,1.01089,60,177,989,2543285,2548071,98.2896,0
9559,1.01089,60,137,989,2543294,2548094,37.6612,0
9599,1.107,66,677,903,2543330,2548189,-9.21239,1
9639,1.107,66,637,903,2543357,2548245,-36.3855,0
9679,1.107,66,597,903,2543350,2548258,-47.7775,0
9722,1.107,66,554,903,2543410,2548324,-50.2918,0
9762,1.107,66,514,903,2543244,2548415,-56.6516,0
9802,1.107,66,474,903,2543176,2548380,-86.1261,0
9842,1.107,66,434,903,2543297,2548128,-126.529,0
9882,1.107,66,394,903,2543140,2547727,-152.648,0
9924,1.107,66,352,903,2542998,2547412,-174.577,0
9964,1.107,66,312,903,2542931,2547236,-204.354,0
10004,1.107,66,272,903,2542898,2547210,-228.399,0
10044,1.107,66,232,903,2542963,2547306,-224.411,0
10084,1.107,66,192,903,2542984,2547398,-179.611,0
10144,1.107,66,132,903,2542991,2547378,-104.369,0
10184,1.107,66,92,903,2543006,2547351,-21.9769,0
10224,1.107,66,52,903,2543000,2547409,48.2091,0
10264,1.107,66,12,903,2543032,2547448,97.0644,0
10304,1.107,66,875,903,2543085,2547568,128.311,0
10344,1.107,66,835,903,2543131,2547671,150.592,0
10346,1.107,66,833,903,2543182,2547792,168.325,0
10386,1.107,66,793,903,2543094,2547749,174.043,0
10426,1.107,66,753,903,2543145,2547707,158.576,0
10466,1.107,66,713,903,2543176,2547773,131.347,0
10506,1.107,66,673,903,2543175,2547801,104.792,0
10566,1.107,66,613,903,2543196,2547837,81.0354,0
10606,1.107,66,573,903,2543243,2547957,62.5418,0
10646,1.107,66,533,903,2543266,2548073,51.5866,0
10686,1.107,66,493,903,2543407,2548138,51.7535,0
10726,1.107,66,453,903,2543301,2548271,57.7323,0
10767,1.107,66,412,903,2543145,2547732,39.6855,0
10807,1.05191,63,712,950,2542972,2547298,-26.6376,1
10847,1.05191,63,672,950,2542887,2547112,-128.924,0
10887,1.05191,63,632,950,2542886,2547104,-225.791,0
10927,1.05191,63,592,950,2542904,2547175,-275.654,0
10967,1.05191,63,552,950,2542968,2547313,-261.019,0
11007,1.05191,63,512,950,2543016,2547397,-190.422,0
11047,1.05191,63,472,950,2543016,2547387,-92.8074,0
11087,1.05191,63,432,950,2543026,2547407,-2.30495,0
11127,1.05191,63,392,950,2543050,2547438,61.7338,0
11187,1.05191,63,332,950,2543104,2547587,99.4181,0
11227,1.05191,63,292,950,2543192,2547776,123.038,0
11267,1.05191,63,252,950,2543237,2547890,143.308,0
11307,1.05191,63,212,950,2543274,2547977,159.618,0
11347,1.05191,63,172,950,2543314,2548080,166.744,0
11390,1.05191,63,129,950,2543510,2548545,171.72,0
11430,1.05191,63,89,950,2543572,2548674,186.03,0
11470,1.05191,63,49,950,2543578,2548733,198.298,0
11510,1.05191,63,9,950,2543632,2548782,189.434,0
11610,1.05191,63,859,950,2543736,2549067,161.873,0
11650,1.05191,63,819,950,2543714,2548985,124.59,0
11690,1.05191,63,779,950,2543526,2548541,65.244,0
11730,1.06853,64,701,935,2543361,2548148,-34.9435,1
11770,1.06853,64,661,935,2543451,2547937,-154.288,0
11831,1.06853,64,600,935,2543221,2547814,-253.784,0
11871,1.06853,64,560,935,2543197,2547913,-323.453,0
11911,1.06853,64,520,935,2543310,2548033,-348.123,0
11951,1.06853,64,480,935,2543341,2548077,-309.094,0
11991,1.06853,64,440,935,2543348,2548084,-223.221,0
12033,1.06853,64,398,935,2543401,2548190,-123.103,0
12073,1.06853,64,358,935,2543421,2548221,-31.6831,0
12113,1.06853,64,318,935,2543473,2548294,39.1463,0
12153,1.06853,64,278,935,2543491,2548384,86.4891,0
12251,1.06853,64,180,935,2543590,2548630,116.187,0
12291,1.06853,64,140,935,2543603,2548629,136.372,0
12331,1.06853,64,100,935,2543643,2548737,147.483,0
12371,1.06853,64,60,935,2543658,2548793,147.161,0
12411,1.06853,64,20,935,2543675,2548854,135.463,0
12455,1.06853,64,911,935,2543729,2548974,116.51,0
12495,1.06853,64,871,935,2543792,2549138,99.3247,0
12535,1.06853,64,831,935,2543816,2549184,87.9432,0
12575,1.06853,64,791,935,2543685,2548873,68.8586,0
12615,1.06853,64,751,935,2543510,2548460,17.0118,0
12673,1.06606,63,703,938,2543358,2548105,-75.729,1
12713,1.06606,63,663,938,2543276,2547888,-186.339,0
12753,1.06606,63,623,938,2543329,2547820,-271.025,0
12793,1.06606,63,583,938,2543029,2547802,-311.311,0
12833,1.06606,63,543,938,2543288,2547962,-309.419,0
12894,1.06606,63,482,938,2543301,2548052,-248.858,0
12934,1.06606,63,442,938,2543338,2547999,-139.803,0
12974,1.06606,63,402,938,2543271,2548036,-27.4527,0
13014,1.06606,63,362,938,2543366,2548093,58.3782,0
13054,1.06606,63,322,938,2543420,2548237,117.995,0
13094,1.06606,63,282,938,2543461,2548328,159.716,0
13095,1.06606,63,281,938,2543494,2548398,184.888,0
13135,1.06606,63,241,938,2543501,2548509,193.067,0
13175,1.06606,63,201,938,2543596,2548614,188.853,0
13215,1.06606,63,161,938,2543594,2548651,179.654,0
13255,1.06606,63,121,938,2543681,2548861,167.838,0
13316,1.06606,63,60,938,2543732,2548960,156.438,0
13356,1.06606,63,20,938,2543798,2549150,147.035,0
13396,1.06606,63,918,938,2543922,2549443,141.089,0
13436,1.06606,63,878,938,2544045,2549734,143.706,0
13476,1.06606,63,838,938,2544109,2549895,151.599,0
13519,1.06606,63,795,938,2544021,2549653,143.363,0
13559,1.06606,63,755,938,2543802,2549124,86.1258,0
13599,1.0684,64,701,935,2543664,2548774,-32.5933,1
13639,1.0684,64,661,935,2543582,2548622,-181.98,0
13679,1.0684,64,621,935,2543547,2548527,-310.677,0
13738,1.0684,64,562,935,2543758,2548596,-368.302,0
13778,1.0684,64,522,935,2543439,2548829,-349.703,0
13818,1.0684,64,482,935,2543715,2548943,-290.168,0
13858,1.0684,64,442,935,2543754,2549048,-197.088,0
13898,1.0684,64,402,935,2543795,2549184,-82.9071,0
13938,1.0684,64,362,935,2543835,2549214,19.2488,0
13958,1.0684,64,342,935,2543900,2549325,93.4824,0
13998,1.0684,64,302,935,2543940,2549431,138.42,0
14038,1.0684,64,262,935,2543962,2549476,157.256,0
14078,1.0684,64,222,935,2544017,2549646,156.327,0
14118,1.0684,64,182,935,2544089,2549827,147.531,0
14161,1.0684,64,139,935,2544183,2550029,142.756,0
14201,1.0684,64,99,935,2544214,2550152,144.044,0
14241,1.0684,64,59,935,2544312,2550290,145.836,0
14281,1.0684,64,19,935,2544345,2550401,143.629,0
14321,1.0684,64,914,935,2544392,2550520,132.287,0
14380,1.0684,64,855,935,2544447,2550631,110.224,0
14420,1.0684,64,815,935,2544478,2550737,81.0358,0
14460,1.0684,64,775,935,2544462,2550666,44.9126,0
14500,1.07379,64,698,931,2544291,2550265,-9.10483,1
14540,1.07379,64,658,931,2544088,2549923,-97.4685,0
14580,1.07379,64,618,931,2544059,2549715,-209.972,0
14582,1.07379,64,616,931,2543999,2549585,-306.499,0
14622,1.07379,64,576,931,2544025,2549642,-353.281,0
14662,1.07379,64,536,931,2544057,2549731,-337.69,0
14702,1.07379,64,496,931,2544014,2549737,-272.708,0
14742,1.07379,64,456,931,2544042,2549684,-187.479,0
14784,1.07379,64,414,931,2544070,2549772,-101.987,0
14824,1.07379,64,374,931,2544127,2549891,-23.8571,0
14864,1.07379,64,334,931,2544238,2550056,47.8132,0
14904,1.07379,64,294,931,2544269,2550154,113.746,0
14944,1.07379,64,254,931,2544280,2550258,163.436,0
14985,1.07379,64,213,931,2544286,2550288,185.727,0
15025,1.07379,64,173,931,2544315,2550328,181.545,0
15065,1.07379,64,133,931,2544363,2550463,162.476,0
15105,1.07379,64,93,931,2544391,2550529,140.682,0
15145,1.07379,64,53,931,2544409,2550576,120.389,0
15206,1.07379,64,923,931,2544438,2550675,100.947,0
15246,1.07379,64,883,931,2544481,2550731,83.0706,0
15286,1.07379,64,843,931,2544510,2550821,67.9132,0
15326,1.07379,64,803,931,2544521,2550861,53.2014,0
15366,1.07379,64,763,931,2544481,2550757,32.262,0
15407,1.07612,64,696,929,2544324,2550358,-8.00849,1
15447,1.07612,64,656,929,2544151,2549952,-80.4295,0
15487,1.07612,64,616,929,2544068,2549781,-176.061,0
15527,1.07612,64,576,929,2544031,2549698,-261.518,0
15567,1.07612,64,536,929,2544003,2549653,-305.609,0
15627,1.07612,64,476,929,2544038,2549758,-295.661,0
15667,1.07612,64,436,929,2544093,2549835,-234.238,0
15707,1.07612,64,396,929,2544042,2549833,-142.935,0
15747,1.07612,64,356,929,2544088,2549861,-52.149,0
15787,1.07612,64,316,929,2544110,2549971,23.0264,0
15827,1.07612,64,276,929,2544198,2550114,82.9681,0
15830,1.07612,64,273,929,2544241,2550229,132.104,0
15870,1.07612,64,233,929,2544266,2550219,169.102,0
15910,1.07612,64,193,929,2544333,2550425,190.99,0
15950,1.07612,64,153,929,2544371,2550540,200.155,0
15990,1.07612,64,113,929,2544370,2550528,196.006,0
16051,1.07612,64,52,929,2544392,2550608,176.124,0
16091,1.07612,64,12,929,2544451,2550688,146.716,0
16131,1.07612,64,901,929,2544451,2550738,116.214,0
16171,1.07612,64,861,929,2544502,2550857,87.5128,0
16211,1.07612,64,821,929,2544554,2551000,64.3755,0
16252,1.07612,64,780,929,2544582,2551064,48.6404,0
16292,1.07612,64,740,929,2544521,2550888,31.0035,0
16332,1.07561,64,696,929,2544337,2550448,-9.62977,1
16372,1.07561,64,656,929,2544141,2549992,-90.839,0
16412,1.07561,64,616,929,2544030,2549752,-202.084,0
16472,1.07561,64,556,929,2543956,2549581,-306.134,0
16512,1.07561,64,516,929,2543911,2549514,-367.268,0
16552,1.07561,64,476,929,2543993,2549659,-364.026,0
16592,1.07561,64,436,929,2544022,2549753,-293.308,0
16632,1.07561,64,396,929,2544048,2549799,-178.824,0
16672,1.07561,64,356,929,2544048,2549799,-57.6413,0
16692,1.07561,64,336,929,2543989,2549798,37.4489,0
16732,1.07561,64,296,929,2544103,2549898,96.4679,0
16772,1.07561,64,256,929,2544158,2550035,136.266,0
16812,1.07561,64,216,929,2544185,2550050,168.745,0
16852,1.07561,64,176,929,2544225,2550302,191.811,0
16895,1.07561,64,133,929,2544269,2550308,204.022,0
16935,1.07561,64,93,929,2544223,2550329,201.311,0
16975,1.07561,64,53,929,2544270,2550315,180.192,0
17015,1.07561,64,13,929,2544335,2550401,151.38,0
17055,1.07561,64,902,929,2544339,2550471,126.233,0
17115,1.07561,64,842,929,2544377,2550555,104.412,0
17155,1.07561,64,802,929,2544401,2550732,84.0809,0
17195,1.07561,64,762,929,2544473,2550802,67.0536,0
17235,1.07561,64,722,929,2544397,2550629,49.3487,0
17275,1.07561,64,682,929,2544212,2550169,9.74776,0
17315,1.06722,64,702,937,2544008,2549702,-72.2844,1
17316,1.06722,64,701,937,2543892,2549463,-186.87,0
17356,1.06722,64,661,937,2543854,2549367,-293.859,0
17396,1.06722,64,621,937,2543836,2549316,-352.056,0
17436,1.06722,64,581,937,2543905,2549466,-341.125,0
17476,1.06722,64,541,937,2543946,2549576,-264.71,0
17516,1.06722,64,501,937,2543932,2549539,-151.945,0
17556,1.06722,64,461,937,2543971,2549639,-39.7898,0
17596,1.06722,64,421,937,2544009,2549725,51.3825,0
17636,1.06722,64,381,937,2544033,2549817,115.763,0
17676,1.06722,64,341,937,2544078,2550000,154.622,0
17734,1.06722,64,283,937,2544090,2549931,173.23,0
17774,1.06722,64,243,937,2544114,2549960,176.149,0
17814,1.06722,64,203,937,2544000,2550086,160.441,0
17854,1.06722,64,163,937,2544227,2550213,134.984,0
17894,1.06722,64,123,937,2544250,2550256,126.449,0
17938,1.06722,64,79,937,2544270,2550326,135.281,0
17978,1.06722,64,39,937,2544311,2550418,141.965,0
18018,1.06722,64,936,937,2544326,2550483,136.845,0
18058,1.06722,64,896,937,2544348,2550506,117.121,0
18098,1.06722,64,856,937,2544385,2550592,86.8963,0
18157,1.06722,64,797,937,2544375,2550521,52.2028,0
18197,1.06722,64,757,937,2544195,2550165,4.93703,0
18237,1.07226,64,699,932,2543947,2549572,-76.4471,1
18277,1.07226,64,659,932,2543813,2549268,-193.172,0
18317,1.07226,64,619,932,2543766,2549252,-308.123,0
18377,1.07226,64,559,932,2543882,2549446,-367.993,0
18417,1.07226,64,519,932,2543881,2549486,-343.903,0
18457,1.07226,64,479,932,2543893,2549420,-254.742,0
18497,1.07226,64,439,932,2543841,2549399,-144.719,0
18537,1.07226,64,399,932,2543858,2549420,-49.4322,0
18578,1.07226,64,358,932,2543893,2549537,20.3221,0
18618,1.07226,64,318,932,2543985,2549724,73.6634,0
18658,1.07226,64,278,932,2544081,2549837,124.086,0
18698,1.07226,64,238,932,2544092,2549993,172.623,0
18738,1.07226,64,198,932,2544079,2550064,204.15,0
18799,1.07226,64,137,932,2544150,2550147,210.635,0
18839,1.07226,64,97,932,2544198,2550226,201.428,0
18879,1.07226,64,57,932,2544224,2550295,185.389,0
18919,1.07226,64,17,932,2544250,2550389,163.786,0
18959,1.07226,64,909,932,2544291,2550512,138.034,0
19002,1.07226,64,866,932,2544326,2550591,111.461,0
19042,1.07226,64,826,932,2544352,2550643,85.7229,0
19082,1.07226,64,786,932,2544359,2550669,59.3111,0
19122,1.07226,64,746,932,2544202,2550297,20.7913,0
19162,1.07278,64,699,932,2543990,2549814,-50.8596,1
19202,1.07278,64,659,932,2543861,2549562,-157.939,0
19242,1.07278,64,619,932,2543795,2549394,-269.026,0
19282,1.07278,64,579,932,2543769,2549371,-343.383,0
19322,1.07278,64,539,932,2543808,2549453,-355.203,0
19362,1.07278,64,499,932,2543862,2549577,-300.409,0
19423,1.07278,64,438,932,2543881,2549666,-198.434,0
19463,1.07278,64,398,932,2543915,2549717,-82.0812,0
19503,1.07278,64,358,932,2543960,2549829,22.2963,0
19543,1.07278,64,318,932,2543999,2549883,101.984,0
19583,1.07278,64,278,932,2544024,2549947,153.14,0
19623,1.07278,64,238,932,2544068,2550120,178.527,0
19626,1.07278,64,235,932,2544125,2550229,187.103,0
19666,1.07278,64,195,932,2544152,2550288,186.958,0
19706,1.07278,64,155,932,2544152,2550243,178.27,0
19746,1.07278,64,115,932,2544199,2550372,160.356,0
19786,1.07278,64,75,932,2544199,2550452,136.474,0
19846,1.07278,64,15,932,2544214,2550474,108.207,0
19886,1.07278,64,907,932,2544256,2550562,78.8381,0
19926,1.07278,64,867,932,2544307,2550701,55.4877,0
19966,1.07278,64,827,932,2544395,2550902,44.4644,0
20006,1.07278,64,787,932,2544350,2550813,41.2149,0
20050,1.07278,64,743,932,2544174,2550395,20.0577,0
20090,1.07311,64,698,931,2544006,2550009,-44.5272,1
20130,1.07311,64,658,931,2543874,2549746,-147.186,0
20170,1.07311,64,618,931,2543809,2549682,-254.013,0
20210,1.07311,64,578,931,2543897,2549812,-319.399,0
20253,1.07311,64,535,931,2543977,2550017,-309.188,0
20293,1.07311,64,495,931,2543964,2550045,-230.533,0
20333,1.07311,64,455,931,2543995,2550056,-123.008,0
20373,1.07311,64,415,931,2544044,2550154,-19.9677,0
20472,1.07311,64,316,931,2544140,2550431,65.9755,0
20512,1.07311,64,276,931,2544234,2550625,135.294,0
20552,1.07311,64,236,931,2544238,2550663,185.435,0
20592,1.07311,64,196,931,2544274,2550724,208.192,0
20632,1.07311,64,156,931,2544322,2550821,205.074,0
20673,1.07311,64,115,931,2544362,2550920,186.629,0
20713,1.07311,64,75,931,2544415,2551053,162.534,0
20753,1.07311,64,35,931,2544448,2551124,138.489,0
20793,1.07311,64,926,931,2544448,2551135,113.3,0
20833,1.07311,64,886,931,2544485,2551098,84.1648,0
20894,1.07311,64,825,931,2544474,2551172,51.6553,0
20934,1.07311,64,785,931,2544303,2550818,6.35229,0
20974,1.08135,64,693,924,2544088,2550336,-71.5198,1
21014,1.08135,64,653,924,2543946,2549998,-182.312,0
21054,1.08135,64,613,924,2543816,2549775,-297.482,0
21116,1.08135,64,551,924,2543790,2549637,-379.496,0
21156,1.08135,64,511,924,2543819,2549756,-397.848,0
21196,1.08135,64,471,924,2543901,2549933,-341.122,0
21236,1.08135,64,431,924,2543891,2549905,-227.705,0
21276,1.08135,64,391,924,2543860,2549935,-100.199,0
21316,1.08135,64,351,924,2543927,2549989,7.89265,0
21317,1.08135,64,350,924,2543962,2550060,89.7347,0
21357,1.08135,64,310,924,2544013,2550197,148.423,0
21397,1.08135,64,270,924,2544063,2550280,188.171,0
21437,1.08135,64,230,924,2544124,2550393,214.25,0
21477,1.08135,64,190,924,2544155,2550506,229.02,0
21518,1.08135,64,149,924,2544150,2550461,228.879,0
21558,1.08135,64,109,924,2544158,2550521,209.656,0
21598,1.08135,64,69,924,2544218,2550650,177.416,0
21638,1.08135,64,29,924,2544229,2550765,143.3,0
21678,1.08135,64,913,924,2544233,2550715,110.282,0
21738,1.08135,64,853,924,2544254,2550856,77.3112,0
21778,1.08135,64,813,924,2544259,2550716,45.5962,0
21818,1.08135,64,773,924,2544156,2550533,9.70041,0
21858,1.08599,65,690,920,2543917,2549971,-49.8012,1
21898,1.08599,65,650,920,2543711,2549529,-147.712,0
21941,1.08599,65,607,920,2543609,2549290,-265.761,0
21981,1.08599,65,567,920,2543570,2549198,-359.501,0
22021,1.08599,65,527,920,2543576,2549228,-391.472,0
22061,1.08599,65,487,920,2543599,2549287,-351.081,0
