Time (s)	Red	IR
38.232	3086911	3374647
38.272	3086871	3374543
38.312	3086909	3374577
38.352	3086960	3374724
38.392	3087010	3374909
38.654	3087264	3375521
38.694	3087282	3375568
38.734	3087158	3375258
38.774	3086865	3374437
38.814	3086690	3373967
38.876	3086685	3373968
38.916	3086782	3374211
38.956	3086951	3374664
38.996	3087094	3375044
39.036	3087124	3375128
39.097	3087090	3375085
39.137	3087096	3375090
39.177	3087130	3375179
39.217	3087198	3375328
39.257	3087246	3375488
39.297	3087315	3375604
39.299	3087346	3375711
39.339	3087378	3375774
39.379	3087385	3375813
39.419	3087418	3375899
39.459	3087454	3376023
39.521	3087515	3376113
39.561	3087473	3376085
39.601	3087212	3375441
39.641	3086992	3374746
39.681	3086916	3374532
39.742	3086983	3374727
39.782	3087153	3375223
39.822	3087296	3375629
39.862	3087357	3375752
39.902	3087319	3375683
39.942	3087292	3375600
39.946	3087307	3375636
39.986	3087352	3375770
40.026	3087386	3375898
40.066	3087419	3375994
40.106	3087454	3376063
40.168	3087449	3376069
40.208	3087440	3376040
40.248	3087452	3376063
40.288	3087476	3376192
40.328	3087521	3376286
40.388	3087465	3376142
40.428	3087230	3375501
40.468	3086951	3374743
40.508	3086846	3374455
40.548	3086876	3374583
40.588	3087031	3374971
40.592	3087139	3375300
40.632	3087197	3375423
40.672	3087150	3375322
40.712	3087107	3375207
40.752	3087119	3375257
40.814	3087166	3375393
40.854	3087218	3375508
40.894	3087254	3375639
40.934	3087321	3375822
40.974	3087326	3375865
41.034	3087363	3375968
41.074	3087400	3376071
41.114	3087418	3376132
41.154	3087325	3375903
41.194	3087013	3375053
41.238	3086722	3374245
41.278	3086570	3373924
41.318	3086574	3373980
41.358	3086676	3374268
41.398	3086809	3374597
41.46	3086857	3374769
41.5	3086849	3374755
41.54	3086811	3374715
41.58	3086828	3374773
41.62	3086893	3374941
41.66	3086962	3375105
41.68	3087029	3375300
41.72	3087087	3375451
41.76	3087104	3375532
41.8	3087134	3375583
41.84	3087148	3375631
41.883	3087190	3375728
41.923	3087224	3375840
41.963	3087184	3375777
42.003	3086921	3375031
42.043	3086578	3374106
42.105	3086383	3373657
42.145	3086351	3373623
42.185	3086442	3373875
42.225	3086592	3374285
42.265	3086700	3374534
42.305	3086684	3374514
42.326	3086639	3374449
42.366	3086674	3374481
42.406	3086715	3374638
42.446	3086791	3374842
42.486	3086861	3375051
42.53	3086922	3375215
42.57	3086956	3375341
42.61	3086990	3375416
42.65	3086995	3375470
42.69	3087048	3375558
42.752	3087110	3375724
42.792	3087157	3375843
42.832	3087040	3375564
42.872	3086693	3374656
42.912	3086424	3373909
42.952	3086334	3373708
42.972	3086372	3373875
43.012	3086523	3374280
43.052	3086666	3374629
43.092	3086697	3374720
43.132	3086647	3374616
43.176	3086606	3374522
43.216	3086644	3374592
43.256	3086695	3374767
43.296	3086766	3374923
43.336	3086827	3375095
43.397	3086873	3375236
43.437	3086886	3375268
43.477	3086906	3375293
43.517	3086936	3375380
43.557	3086974	3375503
43.597	3087042	3375692
43.617	3087072	3375760
43.657	3086908	3375364
43.697	3086597	3374490
43.737	3086356	3373902
43.777	3086321	3373885
43.821	3086431	3374183
43.861	3086618	3374681
43.901	3086746	3375031
43.941	3086758	3375036
43.981	3086719	3374960
44.041	3086717	3374966
44.081	3086783	3375117
44.121	3086841	3375296
44.161	3086910	3375450
44.201	3086945	3375571
44.241	3086972	3375626
44.262	3086973	3375632
44.302	3086961	3375663
44.342	3087001	3375667
44.382	3087001	3375793
44.422	3087038	3375850
44.466	3086998	3375721
44.506	3086719	3374981
44.546	3086388	3374096
44.586	3086247	3373771
44.626	3086256	3373870
44.685	3086553	3374647
44.725	3086597	3374775
44.765	3086553	3374722
44.805	3086534	3374640
44.845	3086550	3374711
44.907	3086622	3374871
44.947	3086700	3375045
44.987	3086762	3375250
45.027	3086820	3375380
45.067	3086844	3375479
45.111	3086876	3375541
45.151	3086876	3375607
45.191	3086912	3375670
45.231	3086901	3375686
45.33	3086289	3374050
45.37	3086026	3373368
45.41	3085922	3373178
45.45	3085976	3373312
45.49	3086095	3373667
45.551	3086210	3373995
45.591	3086201	3373993
45.631	3086157	3373878
45.671	3086140	3373853
45.711	3086177	3373962
45.755	3086284	3374295
45.795	3086332	3374435
45.835	3086359	3374493
45.875	3086371	3374535
45.915	3086408	3374542
45.976	3086392	3374587
46.016	3086439	3374720
46.056	3086484	3374875
46.096	3086460	3374797
46.136	3086195	3374067
46.197	3085811	3373087
46.237	3085612	3372576
46.277	3085567	3372465
46.317	3085625	3372630
46.357	3085740	3373024
46.397	3085848	3373292
46.401	3085841	3373274
46.441	3085781	3373167
46.481	3085779	3373187
46.521	3085848	3373353
46.561	3085919	3373564
46.622	3085970	3373756
46.662	3086029	3373913
46.702	3086065	3374033
46.742	3086103	3374121
46.782	3086136	3374182
46.843	3086164	3374271
46.883	3086211	3374415
46.923	3086264	3374558
46.963	3086248	3374551
47.003	3086018	3373920
47.043	3085657	3372967
47.047	3085446	3372422
47.087	3085420	3372365
47.127	3085503	3372565
47.167	3085635	3373041
47.207	3085734	3373314
47.269	3085729	3373285
47.309	3085701	3373201
47.349	3085702	3373233
47.389	3085730	3373377
47.429	3085830	3373573
47.49	3085895	3373773
47.53	3085924	3373903
47.57	3085966	3374025
47.61	3086010	3374085
47.65	3086019	3374068
47.69	3086028	3374116
47.693	3086085	3374239
47.733	3086124	3374396
47.773	3086170	3374476
47.813	3086000	3374047
47.853	3085666	3373081
47.915	3085381	3372375
47.955	3085298	3372193
47.995	3085323	3372344
48.035	3085461	3372765
48.075	3085601	3373157
48.136	3085623	3373233
48.176	3085601	3373140
48.216	3085585	3373122
48.256	3085627	3373259
48.296	3085711	3373444
48.336	3085771	3373594
48.338	3085817	3373713
48.378	3085868	3373861
48.418	3085897	3373940
48.458	3085918	3374009
48.498	3085950	3374062
48.54	3085978	3374131
48.58	3086048	3374295
48.62	3086105	3374474
48.66	3086113	3374446
48.7	3085847	3373723
48.761	3085513	3372806
48.801	3085302	3372342
48.841	3085276	3372347
48.881	3085390	3372647
48.921	3085546	3373099
48.964	3085680	3373422
49.004	3085649	3373368
49.044	3085680	3373442
49.084	3085758	3373656
49.186	3085934	3374092
49.226	3086019	3374302
49.266	3086087	3374460
49.306	3086120	3374528
49.346	3086132	3374576
49.407	3086159	3374658
49.447	3086224	3374812
49.487	3086297	3375019
49.527	3086347	3375164
49.567	3086341	3375142
49.607	3086068	3374385
49.609	3085737	3373457
49.649	3085616	3373106
49.689	3085661	3373270
49.729	3085799	3373673
49.769	3086008	3374165
49.831	3086082	3374446
49.871	3086088	3374416
49.911	3086057	3374327
49.951	3086084	3374377
49.991	3086151	3374579
50.052	3086246	3374846
50.092	3086341	3375085
50.132	3086388	3375239
50.172	3086425	3375365
50.212	3086474	3375460
50.252	3086489	3375451
50.254	3086503	3375573
50.294	3086545	3375724
50.334	3086629	3375950
50.374	3086739	3376195
50.414	3086679	3376049
50.456	3086341	3375099
50.496	3086032	3374194
50.536	3085949	3374035
50.576	3086037	3374257
50.616	3086249	3374783
50.677	3086419	3375227
50.717	3086449	3375307
50.757	3086380	3375148
50.797	3086360	3375035
50.837	3086414	3375088
50.879	3086452	3375288
50.919	3086486	3375464
50.959	3086582	3375658
50.999	3086638	3375780
51.039	3086664	3375857
51.079	3086666	3375892
51.119	3086672	3375929
51.159	3086708	3376029
51.199	3086763	3376175
51.239	3086785	3376253
51.301	3086680	3375942
51.341	3086292	3374900
51.381	3085966	3373986
51.421	3085859	3373715
51.461	3085880	3373836
51.501	3086023	3374251
51.503	3086161	3374620
51.543	3086226	3374758
51.583	3086191	3374688
51.623	3086173	3374633
51.663	3086192	3374659
51.725	3086222	3374779
51.765	3086311	3374983
51.805	3086392	3375202
51.845	3086422	3375338
51.885	3086488	3375444
51.946	3086488	3375531
51.986	3086534	3375597
52.026	3086539	3375579
52.066	3086554	3375656
52.106	3086603	3375773
52.146	3086481	3375469
52.148	3086093	3374390
52.188	3085750	3373485
52.228	3085620	3373234
52.268	3085639	3373320
52.308	3085724	3373596
52.349	3085870	3373992
52.389	3085932	3374135
52.429	3085895	3374061
52.469	3085853	3373954
52.509	3085861	3374002
52.57	3085925	3374145
52.61	3085994	3374334
52.65	3086067	3374537
52.69	3086128	3374695
52.73	3086166	3374811
52.775	3086177	3374826
52.815	3086184	3374908
52.855	3086237	3375002
52.895	3086283	3375144
52.935	3086348	3375345
52.997	3085957	3374283
53.037	3085537	3373225
53.077	3085326	3372725
53.117	3085320	3372682
53.157	3085347	3372820
53.218	3085477	3373139
53.258	3085555	3373370
53.298	3085522	3373341
53.338	3085501	3373244
53.378	3085498	3373322
53.42	3085596	3373641
53.46	3085679	3373857
53.5	3085748	3374018
53.54	3085793	3374147
53.58	3085842	3374284
53.622	3085890	3374417
53.662	3085957	3374564
53.702	3086011	3374768
53.742	3086072	3374963
53.782	3086060	3374930
53.843	3085756	3374189
53.883	3085402	3373162
53.923	3085248	3372737
53.963	3085249	3372765
54.003	3085365	3373103
54.047	3085550	3373602
54.087	3085665	3373896
54.127	3085643	3373873
54.167	3085596	3373770
54.207	3085615	3373799
54.268	3085665	3373991
54.308	3085752	3374177
54.348	3085818	3374396
54.388	3085886	3374573
54.428	3085919	3374663
54.468	3085941	3374740
54.488	3085942	3374776
54.528	3085967	3374844
54.568	3086027	3375004
54.608	3086075	3375143
54.648	3085983	3374935
54.691	3085636	3373998
54.731	3085319	3373141
54.771	3085218	3372888
54.811	3085256	3373037
54.851	3085389	3373424
54.892	3085532	3373815
54.932	3085561	3373885
54.972	3085494	3373734
55.012	3085474	3373667
55.052	3085513	3373778
55.113	3085561	3373966
55.153	3085665	3374189
55.193	3085717	3374406
55.233	3085783	3374551
55.273	3085830	3374654
55.313	3085840	3374726
55.315	3085877	3374813
55.355	3085946	3374972
55.395	3085985	3375122
55.435	3085947	3375029
55.475	3085624	3374109
55.536	3085231	3373073
55.576	3085044	3372670
55.616	3085029	3372611
55.656	3085127	3372899
55.696	3085298	3373390
55.758	3085376	3373607
55.798	3085390	3373672
55.838	3085343	3373556
55.878	3085345	3373587
55.918	3085396	3373761
55.958	3085498	3374005
55.961	3085592	3374208
56.001	3085655	3374432
56.041	3085716	3374580
56.081	3085759	3374661
56.121	3085784	3374744
56.183	3085850	3374949
56.223	3085930	3375156
56.263	3085960	3375174
56.303	3085715	3374548
56.343	3085321	3373450
56.404	3085069	3372835
56.444	3085009	3372735
56.484	3085082	3372960
56.524	3085215	3373345
56.564	3085350	3373678
56.604	3085363	3373703
56.606	3085307	3373565
56.646	3085298	3373533
56.686	3085344	3373665
56.726	3085429	3373875
56.766	3085518	3374109
56.807	3085591	3374298
56.847	3085636	3374419
56.887	3085652	3374486
56.927	3085665	3374508
56.967	3085718	3374663
57.028	3085805	3374954
57.068	3085886	3375138
57.108	3085775	3374837
57.148	3085393	3373779
57.188	3085090	3372936
57.232	3084960	3372689
57.272	3085004	3372856
57.312	3085163	3373278
57.352	3085348	3373753
57.392	3085406	3373921
57.453	3085350	3373775
57.493	3085384	3373849
57.533	3085476	3374056
57.573	3085539	3374222
57.613	3085605	3374410
57.674	3085663	3374528
57.714	3085696	3374605
57.754	3085731	3374672
57.794	3085771	3374791
57.834	3085835	3374979
57.878	3085916	3375180
57.918	3085665	3374509
57.958	3085335	3373612
57.998	3085197	3373204
58.038	3085218	3373315
58.1	3085369	3373726
58.14	3085563	3374232
58.18	3085658	3374514
58.22	3085622	3374419
58.26	3085593	3374305
58.321	3085623	3374358
58.361	3085689	3374546
58.401	3085762	3374738
58.441	3085823	3374906
58.481	3085856	3374963
58.521	3085876	3375090
58.523	3085889	3375126
58.563	3085901	3375170
58.603	3085960	3375298
58.643	3085994	3375364
58.683	3085991	3375364
58.744	3085718	3374671
58.784	3085361	3373674
58.824	3085153	3373155
58.864	3085133	3373095
58.904	3085252	3373503
58.965	3085461	3374048
59.005	3085593	3374343
59.045	3085578	3374386
59.085	3085574	3374305
59.125	3085577	3374363
59.165	3085644	3374536
59.169	3085716	3374753
59.209	3085787	3374967
59.249	3085864	3375095
59.289	3085883	3375144
59.329	3085879	3375152
59.37	3085902	3375196
59.41	3085952	3375321
59.45	3086015	3375497
59.49	3085975	3375396
59.53	3085635	3374473
59.59	3085226	3373381
59.63	3085008	3372865
59.67	3084958	3372784
59.71	3085026	3373029
59.75	3085184	3373478
59.794	3085280	3373758
59.834	3085279	3373759
59.874	3085260	3373735
59.914	3085299	3373813
59.954	3085388	3374038
60.016	3085481	3374295
60.056	3085562	3374487
60.096	3085623	3374647
60.136	3085667	3374750
60.176	3085686	3374826
60.216	3085708	3374914
60.236	3085760	3375031
60.276	3085827	3375147
60.316	3085803	3375103
60.356	3085501	3374304
60.396	3085086	3373183
60.441	3084841	3372590
60.481	3084781	3372527
60.521	3084859	3372764
60.561	3085043	3373227
60.601	3085160	3373567
60.641	3085174	3373599
60.681	3085140	3373537
60.721	3085170	3373617
60.761	3085242	3373796
60.801	3085315	3374012
60.861	3085388	3374209
60.901	3085458	3374383
60.941	3085510	3374524
60.981	3085534	3374585
61.021	3085553	3374624
61.061	3085580	3374728
61.066	3085678	3374954
61.106	3085721	3375035
61.146	3085621	3374735
61.186	3085241	3373708
61.226	3084875	3372823
61.287	3084743	3372564
61.327	3084780	3372671
61.367	3084921	3373094
61.407	3085078	3373563
61.447	3085148	3373744
61.507	3085111	3373634
61.547	3085153	3373748
61.587	3085241	3373955
61.627	3085356	3374249
61.667	3085457	3374528
61.712	3085526	3374759
61.752	3085625	3374932
61.792	3085660	3375077
61.832	3085699	3375154
61.872	3085771	3375320
61.933	3085850	3375540
61.973	3085929	3375750
62.013	3085917	3375690
62.053	3085605	3374802
62.093	3085188	3373657
62.133	3084990	3373210
62.155	3085006	3373268
62.195	3085118	3373626
62.235	3085321	3374165
62.275	3085453	3374487
62.315	3085446	3374474
62.359	3085423	3374413
62.399	3085470	3374487
62.439	3085523	3374669
62.479	3085623	3374872
62.519	3085699	3375083
62.577	3085752	3375215
62.617	3085779	3375308
62.657	3085812	3375371
62.697	3085827	3375425
62.737	3085845	3375462
62.777	3085900	3375600
62.799	3085953	3375776
62.839	3086009	3375902
62.879	3085933	3375665
62.919	3085542	3374626
62.959	3085204	3373734
63.003	3085109	3373505
63.043	3085153	3373679
63.083	3085318	3374154
63.123	3085500	3374605
63.163	3085581	3374792
63.225	3085566	3374760
63.265	3085580	3374753
63.305	3085614	3374855
63.345	3085686	3375067
63.385	3085759	3375264
63.425	3085807	3375381
63.446	3085851	3375504
63.486	3085870	3375583
63.526	3085916	3375675
63.566	3085960	3375769
63.606	3085994	3375889
63.649	3086062	3375995
63.689	3086091	3376146
63.729	3086142	3376259
63.769	3086023	3375957
63.809	3085624	3374795
63.85	3085313	3373946
63.89	3085220	3373823
63.93	3085299	3374051
63.97	3085463	3374536
64.01	3085662	3375045
64.05	3085755	3375230
64.09	3085748	3375187
64.13	3085732	3375171
64.17	3085767	3375251
64.21	3085824	3375463
64.254	3085899	3375704
64.294	3085993	3375908
64.334	3086053	3376035
64.374	3086090	3376155
64.414	3086130	3376249
64.474	3086151	3376310
64.514	3086174	3376336
64.554	3086215	3376489
64.594	3086287	3376685
64.634	3086350	3376834
64.674	3086242	3376546
64.696	3085866	3375524
64.736	3085531	3374583
64.776	3085436	3374331
64.816	3085494	3374514
64.856	3085665	3374967
64.9	3085838	3375451
64.94	3085921	3375690
64.98	3085877	3375627
65.02	3085893	3375559
65.06	3085914	3375641
65.12	3086073	3376080
65.16	3086155	3376287
65.2	3086211	3376432
65.24	3086240	3376555
65.28	3086282	3376628
65.341	3086299	3376685
65.381	3086328	3376762
65.421	3086366	3376836
65.461	3086438	3377041
65.501	3086483	3377135
65.545	3086026	3375876
65.585	3085714	3375005
65.625	3085646	3374842
65.665	3085742	3375102
65.705	3085940	3375605
65.767	3086128	3376143
65.807	3086206	3376329
65.847	3086193	3376305
65.887	3086182	3376267
65.927	3086223	3376376
65.986	3086286	3376526
66.026	3086335	3376734
66.066	3086447	3376952
66.106	3086483	3377065
66.146	3086527	3377171
66.186	3086561	3377281
66.19	3086566	3377311
66.23	3086617	3377403
66.27	3086660	3377528
66.31	3086720	3377734
66.35	3086751	3377857
66.412	3086597	3377418
66.452	3086268	3376485
66.492	3086026	3375808
66.532	3086026	3375777
66.572	3086163	3376139
66.632	3086331	3376607
66.672	3086442	3376904
66.712	3086431	3376867
66.752	3086396	3376754
66.792	3086381	3376745
66.832	3086407	3376822
66.837	3086439	3376897
66.877	3086474	3377062
66.917	3086523	3377128
66.957	3086550	3377247
66.997	3086544	3377282
67.057	3086540	3377297
67.097	3086569	3377335
67.137	3086578	3377346
67.177	3086619	3377480
67.217	3086635	3377514
67.257	3086424	3376957
67.297	3086050	3375938
67.337	3085815	3375288
67.377	3085782	3375207
67.417	3085870	3375434
67.461	3086030	3375903
67.501	3086151	3376251
67.541	3086172	3376342
67.581	3086171	3376292
67.621	3086199	3376265
67.681	3086209	3376381
67.721	3086245	3376532
67.761	3086338	3376718
67.801	3086374	3376862
67.841	3086416	3376947
67.881	3086438	3377027
67.881	3086446	3377064
67.921	3086455	3377114
67.961	3086493	3377189
68.001	3086552	3377318
68.041	3086541	3377296
68.082	3086266	3376559
68.122	3085876	3375504
68.162	3085676	3374967
68.202	3085652	3374950
68.242	3085757	3375232
68.303	3085934	3375698
68.343	3086040	3376008
68.383	3086075	3376044
68.423	3086041	3375978
68.463	3086042	3375978
68.506	3086092	3376098
68.546	3086178	3376336
68.586	3086234	3376485
68.626	3086275	3376607
68.666	3086299	3376726
68.728	3086335	3376779
68.768	3086335	3376806
68.808	3086345	3376850
68.848	3086390	3376977
68.888	3086442	3377103
68.928	3086410	3377025
68.948	3086133	3376250
68.988	3085768	3375233
69.028	3085598	3374829
69.068	3085616	3374895
69.108	3085772	3375267
69.152	3085941	3375772
69.192	3086073	3376074
69.232	3086088	3376142
69.272	3086087	3376115
69.312	3086121	3376184
69.372	3086238	3376529
69.412	3086296	3376678
69.452	3086341	3376832
69.492	3086367	3376888
69.532	3086397	3376959
69.591	3086437	3377080
69.631	3086477	3377195
69.671	3086576	3377400
69.711	3086628	3377517
69.751	3086555	3377370
69.796	3086244	3376574
69.836	3085921	3375663
69.876	3085818	3375387
69.916	3085905	3375587
69.956	3086104	3376072
70.018	3086303	3376674
70.058	3086263	3376545
70.098	3086222	3376484
70.138	3086238	3376498
70.178	3086298	3376630
70.237	3086322	3376764
70.277	3086398	3376899
70.317	3086407	3377012
70.357	3086422	3377067
70.397	3086423	3377088
70.442	3086459	3377145
70.482	3086480	3377286
70.522	3086481	3377291
70.562	3086253	3376678
70.602	3085896	3375656
70.662	3085691	3375110
70.702	3085675	3375081
70.742	3085780	3375377
70.782	3085954	3375857
70.822	3086064	3376169
70.862	3086064	3376161
70.902	3086018	3376060
70.942	3086019	3376059
70.982	3086050	3376128
71.022	3086111	3376312
71.066	3086167	3376465
71.106	3086212	3376583
71.146	3086259	3376714
71.186	3086283	3376784
71.226	3086294	3376832
71.288	3086306	3376915
71.328	3086354	3377009
71.368	3086375	3377091
71.408	3086252	3376744
71.448	3085884	3375715
71.488	3085580	3374897
71.508	3085493	3374673
71.548	3085557	3374842
71.588	3085724	3375298
71.628	3085903	3375776
71.668	3085993	3376002
71.712	3085978	3375986
71.752	3085981	3375965
71.792	3086004	3376018
71.832	3086042	3376177
71.872	3086091	3376303
71.933	3086119	3376426
71.973	3086160	3376567
72.013	3086184	3376566
72.053	3086181	3376591
72.093	3086184	3376610
72.133	3086226	3376722
72.133	3086301	3376909
72.173	3086354	3377073
72.213	3086150	3376540
72.253	3085760	3375450
72.293	3085523	3374765
72.336	3085493	3374665
72.376	3085615	3375024
72.416	3085825	3375585
72.456	3085968	3375993
72.496	3086009	3376110
72.556	3085990	3376041
72.596	3086002	3376075
72.636	3086058	3376219
72.676	3086142	3376435
72.716	3086262	3376714
72.758	3086369	3377041
72.798	3086398	3377188
72.838	3086433	3377241
72.878	3086482	3377332
72.918	3086516	3377426
72.98	3086600	3377580
73.02	3086679	3377789
73.06	3086690	3377759
73.1	3086397	3377111
73.14	3085971	3375945
73.18	3085680	3375115
73.201	3085645	3375062
73.241	3085749	3375344
73.281	3085926	3375800
73.321	3086023	3376058
73.361	3085990	3375965
73.404	3085929	3375838
73.444	3085916	3375807
73.484	3085925	3375862
73.524	3085974	3375993
73.564	3086018	3376136
73.605	3086049	3376216
73.645	3086050	3376272
73.685	3086050	3376296
73.725	3086050	3376274
73.765	3086054	3376325
73.826	3086069	3376422
73.866	3086093	3376438
73.906	3086000	3376227
73.946	3085657	3375301
73.986	3085295	3374320
74.026	3085103	3373903
74.03	3085117	3373949
74.07	3085246	3374361
74.11	3085449	3374857
74.15	3085523	3375067
74.19	3085511	3375010
74.251	3085462	3374929
74.291	3085495	3375023
74.331	3085574	3375234
74.371	3085634	3375436
74.411	3085710	3375627
74.47	3085788	3375838
74.51	3085792	3375913
74.55	3085797	3375915
74.59	3085818	3375958
74.63	3085855	3376093
74.675	3085887	3376171
74.715	3085732	3375741
74.755	3085311	3374581
74.795	3084951	3373633
74.835	3084809	3373282
74.896	3084808	3373345
74.936	3084943	3373753
74.976	3085113	3374202
75.016	3085185	3374402
75.056	3085164	3374352
75.116	3085209	3374507
75.156	3085293	3374687
75.196	3085372	3374942
75.236	3085458	3375177
75.276	3085523	3375364
75.321	3085567	3375494
75.361	3085573	3375531
75.401	3085594	3375569
75.441	3085593	3375678
75.481	3085673	3375843
75.542	3085708	3375977
75.582	3085600	3375652
75.622	3085208	3374582
75.662	3084840	3373619
75.702	3084760	3373396
75.742	3084791	3373538
75.742	3084965	3373958
75.782	3085152	3374451
75.822	3085226	3374666
75.862	3085193	3374624
75.902	3085177	3374563
75.944	3085198	3374607
75.984	3085263	3374780
76.024	3085358	3375034
76.064	3085424	3375250
76.104	3085486	3375385
76.165	3085530	3375513
76.205	3085568	3375631
76.245	3085600	3375758
76.285	3085652	3375902
76.325	3085730	3376122
76.367	3085811	3376341
76.407	3085794	3376282
76.447	3085473	3375386
76.487	3085086	3374311
76.527	3084920	3373848
76.589	3084937	3373925
76.629	3085093	3374358
76.669	3085316	3374880
76.709	3085425	3375191
76.749	3085410	3375133
76.789	3085397	3375107
76.809	3085419	3375162
76.849	3085483	3375358
76.889	3085598	3375586
76.929	3085655	3375784
76.969	3085721	3376000
77.013	3085780	3376177
77.053	3085820	3376284
77.093	3085865	3376393
77.133	3085910	3376534
77.173	3085969	3376659
77.232	3086029	3376856
77.272	3086108	3377043
77.312	3085950	3376641
77.352	3085556	3375559
77.392	3085289	3374766
77.432	3085242	3374657
77.452	3085383	3375000
77.492	3085582	3375526
77.532	3085702	3375899
77.572	3085712	3375925
77.612	3085667	3375807
77.657	3085641	3375780
77.697	3085671	3375839
77.737	3085746	3376035
77.777	3085823	3376286
77.817	3085878	3376431
77.878	3085909	3376558
77.918	3085933	3376608
77.958	3085935	3376628
77.998	3085935	3376713
78.038	3085968	3376728
78.078	3085999	3376875
78.097	3086045	3377010
78.137	3085905	3376601
78.177	3085481	3375436
78.217	3085153	3374543
78.257	3085066	3374343
78.302	3085135	3374538
78.342	3085333	3375048
78.382	3085516	3375508
78.422	3085559	3375638
78.462	3085553	3375584
78.523	3085522	3375550
78.563	3085556	3375645
78.603	3085606	3375798
78.643	3085689	3376033
78.683	3085766	3376251
78.723	3085801	3376381
78.744	3085833	3376456
78.784	3085863	3376535
78.824	3085880	3376546
78.864	3085881	3376565
78.904	3085922	3376682
78.947	3085975	3376841
78.987	3085867	3376541
79.027	3085479	3375428
79.067	3085108	3374453
79.107	3084997	3374162
79.168	3085226	3374800
79.208	3085428	3375319
79.248	3085522	3375599
79.288	3085507	3375582
79.328	3085493	3375557
79.368	3085517	3375623
79.408	3085569	3375784
79.448	3085648	3375987
79.488	3085724	3376216
79.528	3085780	3376368
79.572	3085817	3376508
79.612	3085845	3376629
79.652	3085876	3376620
79.692	3085884	3376683
79.732	3085929	3376806
79.791	3085987	3376977
79.831	3085934	3376812
79.871	3085530	3375709
79.911	3085141	3374625
79.951	3084981	3374200
79.993	3085165	3374668
80.033	3085359	3375188
80.073	3085447	3375454
80.113	3085447	3375464
80.196	3085434	3375418
80.236	3085492	3375601
80.276	3085554	3375780
80.316	3085614	3375947
80.356	3085646	3376086
80.417	3085686	3376182
80.457	3085710	3376254
80.497	3085739	3376298
80.537	3085760	3376390
80.577	3085827	3376565
80.618	3085908	3376791
80.658	3085880	3376694
80.698	3085527	3375729
80.738	3085213	3374816
80.778	3085107	3374490
80.822	3085181	3374711
80.862	3085356	3375138
80.902	3085528	3375613
80.942	3085589	3375781
80.982	3085541	3375663
81.044	3085502	3375596
81.084	3085478	3375576
81.124	3085493	3375638
81.164	3085545	3375830
81.204	3085632	3376024
81.244	3085708	3376198
81.245	3085770	3376304
81.285	3085817	3376389
81.325	3085861	3376572
81.365	3085925	3376737
81.405	3085989	3376898
81.447	3086077	3377038
81.487	3085967	3376779
81.527	3085590	3375785
81.567	3085288	3374984
81.607	3085230	3374830
81.647	3085352	3375145
81.687	3085555	3375667
81.727	3085677	3376055
81.767	3085682	3376096
81.807	3085651	3375971
81.851	3085621	3375922
81.891	3085659	3376053
81.931	3085735	3376219
81.971	3085784	3376415
82.011	3085829	3376563
82.073	3085888	3376693
82.113	3085912	3376789
82.153	3085919	3376836
82.193	3085946	3376942
82.233	3086025	3377142
82.294	3086064	3377257
82.334	3085935	3376939
82.374	3085530	3375864
82.414	3085225	3375008
82.454	3085143	3374777
82.494	3085228	3374992
82.496	3085407	3375440
82.536	3085556	3375859
82.576	3085614	3375988
82.616	3085568	3375909
82.656	3085517	3375811
82.718	3085555	3375883
82.758	3085614	3376026
82.798	3085658	3376193
82.838	3085692	3376309
82.878	3085730	3376410
82.918	3085717	3376420
82.958	3085707	3376400
82.998	3085711	3376455
83.038	3085759	3376555
83.078	3085794	3376638
83.123	3085696	3376406
83.163	3085335	3375364
83.203	3084953	3374344
83.243	3084822	3374004
83.283	3084866	3374161
83.345	3085239	3375182
83.385	3085335	3375435
83.425	3085334	3375393
83.465	3085309	3375350
83.505	3085346	3375396
83.566	3085387	3375563
83.606	3085460	3375753
83.646	3085538	3375992
83.686	3085593	3376180
83.726	3085609	3376231
83.769	3085629	3376278
83.809	3085638	3376330
83.849	3085693	3376540
83.889	3085699	3376512
83.929	3085399	3375702
83.99	3084972	3374547
84.03	3084758	3373974
84.07	3084750	3373957
84.11	3084854	3374309
84.15	3085069	3374840
84.212	3085216	3375210
84.252	3085263	3375267
84.292	3085211	3375195
84.332	3085235	3375194
84.372	3085274	3375323
84.412	3085333	3375534
84.415	3085413	3375741
84.455	3085461	3375900
84.495	3085523	3376002
84.535	3085534	3376084
84.575	3085550	3376161
84.615	3085604	3376301
84.655	3085649	3376429
84.695	3085697	3376558
84.735	3085669	3376479
84.775	3085323	3375552
84.837	3084971	3374533
84.877	3084819	3374146
84.917	3084855	3374269
84.957	3085010	3374719
84.997	3085241	3375280
85.041	3085319	3375512
85.081	3085317	3375469
85.121	3085303	3375450
85.161	3085353	3375530
85.201	3085410	3375732
85.241	3085507	3375978
85.281	3085588	3376209
85.321	3085629	3376369
85.361	3085670	3376417
85.401	3085659	3376432
85.461	3085657	3376422
85.501	3085706	3376522
85.541	3085736	3376659
85.581	3085737	3376676
85.621	3085537	3376170
85.661	3085138	3375075
85.666	3084835	3374275
85.706	3084774	3374133
85.746	3084900	3374443
85.786	3085107	3374999
85.826	3085246	3375371
85.887	3085251	3375398
85.927	3085196	3375251
85.967	3085167	3375236
86.007	3085207	3375340
86.047	3085243	3375467
86.087	3085306	3375651
86.127	3085361	3375837
86.167	3085419	3375956
86.207	3085422	3375956
86.247	3085431	3376001
86.29	3085457	3376057
86.33	3085488	3376189
86.37	3085540	3376312
86.41	3085461	3376058
86.45	3085047	3374950
86.49	3084653	3373926
86.53	3084515	3373627
86.57	3084549	3373716
86.61	3084687	3374152
86.65	3084886	3374645
86.691	3084965	3374896
86.731	3084973	3374858
86.771	3084917	3374788
86.811	3084966	3374847
86.851	3085019	3375009
86.893	3085104	3375246
86.933	3085186	3375460
86.973	3085245	3375664
87.013	3085286	3375730
87.053	3085294	3375782
87.113	3085309	3375808
87.153	3085311	3375844
87.193	3085356	3375968
87.233	3085397	3376088
87.273	3085248	3375744
87.313	3084851	3374624
87.316	3084469	3373617
87.356	3084340	3373320
87.396	3084383	3373480
87.436	3084533	3373922
87.476	3084734	3374444
87.538	3084829	3374643
87.578	3084786	3374561
87.618	3084750	3374487
87.658	3084789	3374573
87.698	3084848	3374739
87.759	3085010	3375174
87.799	3085071	3375345
87.839	3085096	3375478
87.879	3085129	3375534
87.919	3085137	3375549
87.963	3085162	3375610
88.003	3085194	3375744
88.043	3085267	3375922
88.083	3085258	3375939
88.123	3084971	3375177
88.164	3084549	3373953
88.204	3084284	3373316
88.244	3084252	3373288
88.284	3084366	3373572
88.324	3084563	3374154
88.385	3084735	3374591
88.425	3084771	3374662
88.465	3084738	3374557
88.505	3084752	3374607
88.545	3084819	3374798
88.585	3084914	3375059
88.589	3085018	3375358
88.629	3085097	3375581
88.669	3085156	3375716
88.709	3085188	3375776
88.749	3085207	3375887
88.811	3085226	3375920
88.851	3085272	3376024
88.891	3085346	3376268
88.931	3085434	3376468
88.971	3085397	3376345
89.032	3085044	3375406
89.072	3084648	3374305
89.112	3084506	3373936
89.152	3084601	3374161
89.192	3084811	3374760
89.232	3085028	3375312
89.234	3085113	3375510
89.274	3085130	3375580
89.314	3085105	3375541
89.354	3085135	3375626
89.394	3085216	3375803
89.456	3085261	3375958
89.496	3085257	3376018
89.536	3085287	3376109
89.576	3085298	3376157
89.616	3085295	3376143
89.656	3085278	3376111
89.696	3085250	3376116
89.736	3085296	3376206
89.776	3085338	3376307
89.816	3085327	3376293
89.859	3085053	3375579
89.899	3084636	3374409
89.939	3084399	3373785
89.979	3084380	3373859
90.019	3084541	3374264
90.079	3084729	3374832
90.119	3084873	3375128
90.159	3084844	3375106
90.199	3084805	3374990
90.239	3084785	3374978
90.279	3084819	3375080
90.28	3084881	3375240
90.32	3084936	3375391
90.36	3084983	3375521
90.4	3085021	3375646
90.44	3085037	3375693
90.483	3085044	3375732
90.523	3085064	3375797
90.563	3085099	3375912
90.603	3085167	3376049
90.643	3085197	3376093
90.705	3084955	3375496
90.745	3084529	3374306
90.785	3084242	3373587
90.825	3084186	3373482
90.865	3084255	3373750
90.927	3084456	3374248
90.967	3084633	3374718
91.007	3084683	3374862
91.047	3084654	3374773
91.087	3084635	3374740
91.127	3084686	3374872
91.128	3084766	3375075
91.168	3084841	3375291
91.208	3084905	3375456
91.248	3084927	3375563
91.288	3084965	3375664
91.33	3084989	3375706
91.37	3085006	3375733
91.41	3085035	3375803
91.45	3085058	3375903
91.49	3085072	3375915
91.552	3084933	3375555
91.592	3084519	3374438
91.632	3084159	3373483
91.672	3084025	3373211
91.712	3084046	3373323
91.753	3084403	3374303
91.793	3084495	3374522
91.833	3084476	3374514
91.873	3084460	3374443
91.955	3084598	3374789
91.995	3084685	3375065
92.035	3084770	3375274
92.075	3084817	3375410
92.175	3084905	3375670
92.215	3084944	3375786
92.255	3084963	3375830
92.295	3085027	3375989
92.335	3085095	3376195
92.378	3085065	3376174
92.418	3084820	3375413
92.458	3084395	3374308
92.498	3084207	3373782
92.538	3084209	3373837
92.6	3084363	3374202
92.64	3084575	3374785
92.68	3084709	3375179
92.72	3084744	3375206
92.76	3084730	3375146
92.8	3084755	3375212
92.821	3084800	3375355
92.861	3084882	3375552
92.901	3084941	3375763
92.941	3085015	3375898
92.981	3085068	3376021
93.024	3085087	3376113
93.064	3085128	3376198
93.104	3085119	3376264
93.144	3085202	3376422
93.184	3085303	3376641
93.247	3085346	3376776
93.287	3085199	3376390
93.327	3084885	3375488
93.367	3084632	3374760
93.407	3084590	3374687
93.447	3084747	3375097
93.469	3084943	3375638
93.509	3085082	3375992
93.549	3085106	3376060
93.589	3085069	3375978
93.629	3085085	3376007
93.672	3085138	3376139
93.712	3085209	3376339
93.752	3085280	3376490
93.792	3085319	3376645
93.832	3085358	3376768
93.894	3085376	3376802
93.934	3085372	3376819
93.974	3085414	3376940
94.014	3085459	3377043
94.054	3085495	3377173
94.094	3085490	3377176
94.114	3085245	3376482
94.154	3084893	3375511
94.194	3084692	3374997
94.234	3084703	3375036
94.274	3084850	3375419
94.317	3085029	3375902
94.357	3085107	3376135
94.397	3085093	3376108
94.437	3085071	3376035
94.477	3085085	3376084
94.538	3085155	3376245
94.578	3085233	3376486
94.618	3085288	3376636
94.658	3085335	3376743
94.698	3085355	3376865
94.738	3085381	3376907
94.739	3085386	3376921
94.779	3085412	3376964
94.819	3085444	3377065
94.859	3085497	3377183
94.899	3085396	3376933
94.942	3085045	3375928
94.982	3084699	3374966
95.022	3084557	3374700
95.062	3084588	3374843
95.102	3084732	3375217
95.143	3084902	3375689
95.183	3084979	3375881
95.223	3084948	3375864
95.263	3084977	3375865
95.303	3084981	3375948
95.362	3085048	3376148
95.402	3085142	3376310
95.442	3085186	3376444
95.482	3085228	3376577
95.522	3085260	3376663
95.567	3085295	3376741
95.607	3085312	3376730
95.647	3085361	3376854
95.687	3085408	3377019
95.727	3085462	3377125
95.788	3085000	3375922
95.828	3084667	3375008
95.868	3084514	3374676
95.908	3084534	3374774
95.948	3084672	3375145
96.008	3084849	3375563
96.048	3084888	3375728
96.088	3084886	3375674
96.128	3084855	3375612
96.168	3084851	3375662
96.213	3085000	3376021
96.253	3085063	3376216
96.293	3085106	3376320
96.333	3085127	3376373
96.373	3085153	3376439
96.434	3085165	3376492
96.474	3085222	3376585
96.514	3085277	3376726
96.554	3085338	3376893
96.594	3085289	3376777
96.656	3085012	3376049
96.696	3084662	3375085
96.736	3084509	3374698
96.776	3084523	3374792
96.816	3084685	3375219
96.856	3084880	3375736
96.86	3084985	3375997
96.9	3085007	3376018
96.94	3084975	3375978
96.98	3085026	3376069
97.02	3085091	3376259
97.079	3085161	3376431
97.119	3085228	3376628
97.159	3085263	3376733
97.199	3085282	3376775
97.239	3085283	3376817
97.302	3085290	3376832
97.342	3085306	3376847
97.382	3085342	3376968
97.422	3085401	3377116
97.462	3085416	3377137
97.502	3085227	3376667
97.505	3084886	3375719
97.545	3084638	3375103
97.585	3084631	3375104
97.625	3084772	3375508
97.665	3084965	3375980
97.727	3085058	3376226
97.767	3085031	3376133
97.807	3084997	3376063
97.847	3085001	3376091
97.887	3085049	3376226
97.948	3085119	3376413
97.988	3085153	3376571
98.028	3085204	3376699
98.068	3085246	3376815
98.108	3085269	3376827
98.148	3085272	3376868
98.151	3085293	3376873
98.191	3085328	3376993
98.231	3085379	3377132
98.271	3085375	3377100
98.311	3085126	3376454
98.373	3084732	3375380
98.413	3084481	3374751
98.453	3084448	3374693
98.493	3084558	3375005
98.533	3084720	3375483
98.593	3084873	3375821
98.633	3084852	3375823
98.673	3084824	3375755
98.713	3084856	3375776
98.753	3084897	3375962
98.793	3084979	3376165
98.796	3085047	3376349
98.836	3085099	3376474
98.876	3085131	3376574
98.916	3085149	3376616
98.956	3085181	3376684
98.997	3085176	3376697
99.037	3085215	3376815
99.077	3085285	3376975
99.117	3085320	3377032
99.157	3085167	3376659
99.216	3084773	3375571
99.256	3084458	3374737
99.296	3084351	3374528
99.336	3084405	3374704
99.376	3084571	3375173
99.421	3084735	3375613
99.461	3084807	3375762
99.501	3084772	3375689
99.541	3084783	3375702
99.581	3084822	3375819
99.621	3084988	3376219
99.661	3085027	3376369
99.701	3085060	3376481
99.741	3085088	3376540
99.821	3085146	3376693
99.861	3085171	3376776
99.901	3085238	3376939
99.941	3085304	3377097
100.024	3084994	3376228
100.064	3084610	3375180
100.104	3084442	3374724
100.144	3084460	3374817
100.245	3084815	3375778
100.285	3084936	3376070
100.325	3084935	3376081
100.365	3084911	3376032
100.405	3084941	3376108
100.448	3085020	3376291
100.488	3085092	3376491
100.528	3085149	3376614
100.568	3085211	3376746
100.608	3085215	3376790
100.648	3085224	3376823
100.688	3085214	3376822
100.728	3085215	3376847
100.768	3085244	3376933
100.808	3085275	3377033
100.869	3085274	3377056
100.909	3085078	3376547
100.949	3084707	3375473
100.989	3084452	3374782
101.029	3084395	3374698
101.069	3084520	3375000
101.073	3084685	3375520
101.113	3084813	3375866
101.153	3084803	3375820
101.193	3084743	3375707
101.233	3084733	3375638
101.295	3084773	3375783
101.335	3084848	3375987
101.375	3084906	3376124
101.415	3084969	3376269
101.455	3085005	3376396
101.516	3085022	3376421
101.556	3085039	3376457
101.596	3085015	3376456
101.636	3085051	3376541
101.676	3085111	3376677
101.716	3085121	3376731
101.72	3084918	3376184
101.76	3084506	3375051
101.8	3084186	3374252
101.84	3084110	3374136
101.88	3084204	3374428
101.94	3084405	3374942
101.98	3084549	3375330
102.02	3084593	3375425
102.06	3084567	3375356
102.1	3084552	3375336
102.162	3084600	3375449
102.202	3084681	3375620
102.242	3084735	3375812
102.282	3084790	3375966
102.322	3084814	3376048
102.362	3084837	3376098
102.366	3084842	3376096
102.406	3084860	3376161
102.446	3084898	3376264
102.486	3084947	3376423
102.526	3085001	3376514
102.566	3084864	3376161
102.606	3084464	3375082
102.646	3084126	3374206
102.686	3084014	3373951
102.726	3084074	3374138
102.766	3084236	3374596
102.806	3084403	3375036
102.846	3084472	3375220
102.886	3084450	3375153
102.926	3084419	3375099
102.97	3084462	3375217
103.01	3084554	3375460
103.05	3084630	3375664
103.09	3084682	3375811
103.13	3084757	3375967
103.189	3084771	3376040
103.229	3084791	3376109
103.269	3084814	3376151
103.309	3084837	3376202
103.349	3084901	3376358
103.394	3084953	3376474
103.434	3084915	3376400
103.474	3084595	3375502
103.514	3084216	3374467
103.554	3084032	3374067
103.615	3084212	3374572
103.655	3084403	3375087
103.695	3084495	3375367
103.735	3084489	3375361
103.775	3084484	3375241
103.835	3084484	3375279
103.875	3084561	3375441
103.915	3084644	3375674
103.955	3084716	3375862
103.995	3084762	3375993
104.04	3084827	3376177
104.08	3084851	3376235
104.12	3084892	3376315
104.16	3084951	3376468
104.2	3085023	3376651
104.261	3085084	3376728
104.301	3084873	3376273
104.341	3084509	3375267
104.381	3084278	3374602
104.421	3084277	3374608
104.483	3084426	3375002
104.523	3084637	3375558
104.563	3084761	3375866
104.603	3084754	3375859
104.643	3084721	3375749
104.683	3084713	3375721
104.686	3084754	3375867
104.726	3084858	3376087
104.766	3084900	3376243
104.806	3084935	3376359
104.846	3084957	3376439
104.887	3084953	3376467
104.927	3084978	3376471
104.967	3084996	3376533
105.007	3085039	3376665
105.047	3085069	3376757
105.106	3085091	3376797
105.146	3084917	3376367
105.186	3084556	3375331
105.226	3084290	3374601
105.266	3084237	3374514
105.311	3084341	3374817
105.351	3084556	3375374
105.391	3084689	3375700
105.431	3084686	3375690
105.471	3084625	3375572
105.532	3084603	3375510
105.572	3084657	3375621
105.612	3084727	3375795
105.652	3084759	3375951
105.692	3084792	3376043
105.732	3084819	3376140
105.752	3084843	3376193
105.792	3084853	3376198
105.832	3084862	3376222
105.872	3084902	3376327
105.912	3084945	3376463
105.957	3084914	3376363
105.997	3084601	3375517
106.037	3084198	3374396
106.077	3083976	3373915
106.117	3083968	3373922
106.177	3084067	3374211
106.217	3084246	3374667
106.257	3084379	3375035
106.297	3084377	3375058
106.337	3084337	3374906
106.377	3084326	3374918
106.397	3084381	3375045
106.437	3084446	3375258
106.477	3084519	3375446
106.517	3084569	3375622
106.557	3084638	3375710
106.602	3084650	3375794
106.642	3084663	3375826
106.682	3084690	3375893
106.722	3084737	3376005
106.762	3084787	3376149
106.823	3084675	3375848
106.863	3084276	3374771
106.903	3083896	3373799
106.943	3083762	3373440
106.983	3083750	3373493
107.023	3083902	3373970
107.043	3084094	3374523
107.083	3084175	3374711
107.123	3084117	3374558
107.163	3084073	3374414
107.203	3084073	3374467
107.248	3084146	3374631
107.288	3084213	3374820
107.328	3084290	3375018
107.368	3084351	3375200
107.408	3084401	3375231
107.47	3084441	3375427
107.51	3084488	3375584
107.55	3084562	3375793
107.59	3084596	3375881
107.63	3084364	3375267
107.67	3083966	3374111
107.71	3083683	3373418
107.75	3083625	3373319
107.79	3083729	3373605
107.83	3083938	3374176
107.874	3084093	3374572
107.914	3084115	3374619
107.954	3084071	3374479
107.994	3084055	3374482
108.034	3084147	3374695
108.095	3084275	3374984
108.135	3084368	3375280
108.175	3084451	3375499
108.215	3084501	3375626
108.255	3084543	3375725
108.295	3084579	3375788
108.315	3084623	3375917
108.355	3084714	3376151
108.395	3084745	3376293
108.435	3084741	3376212
108.475	3084454	3375417
108.519	3084117	3374459
108.559	3083992	3374153
108.599	3084100	3374411
108.639	3084316	3374996
108.679	3084525	3375534
108.74	3084589	3375696
108.78	3084546	3375599
108.82	3084536	3375530
108.86	3084555	3375597
108.9	3084641	3375782
108.94	3084728	3376026
108.941	3084784	3376166
108.981	3084797	3376233
109.021	3084825	3376276
109.061	3084830	3376327
109.101	3084852	3376401
109.144	3084894	3376523
109.184	3084943	3376682
109.224	3084900	3376610
109.264	3084659	3375901
109.304	3084286	3374890
109.365	3084094	3374322
109.405	3084096	3374411
109.445	3084297	3374922
109.485	3084474	3375427
109.525	3084538	3375615
109.565	3084486	3375474
109.605	3084444	3375354
109.645	3084461	3375358
109.685	3084530	3375557
109.725	3084577	3375747
109.768	3084651	3375880
109.808	3084658	3376004
109.848	3084674	3376017
109.888	3084669	3376039
109.928	3084685	3376070
109.989	3084711	3376155
110.029	3084766	3376286
110.069	3084731	3376171
110.109	3084396	3375244
110.149	3083980	3374087
110.189	3083739	3373549
110.19	3083724	3373563
110.23	3083830	3373908
110.27	3084044	3374443
110.31	3084175	3374799
110.35	3084169	3374777
110.392	3084130	3374683
110.432	3084153	3374726
110.472	3084214	3374924
110.512	3084317	3375155
110.552	3084389	3375362
110.613	3084443	3375507
110.653	3084468	3375557
110.693	3084478	3375602
110.733	3084480	3375608
110.773	3084504	3375720
110.815	3084564	3375875
110.855	3084579	3375882
110.895	3084309	3375158
110.935	3083872	3373942
110.975	3083584	3373254
111.017	3083507	3373128
111.057	3083561	3373373
111.097	3083775	3373926
111.137	3083924	3374314
111.177	3083939	3374351
111.238	3083914	3374247
111.278	3083900	3374252
111.318	3083968	3374409
111.358	3084044	3374629
111.398	3084145	3374890
111.438	3084217	3375083
111.44	3084268	3375208
111.48	3084291	3375280
111.52	3084304	3375334
111.56	3084332	3375390
111.6	3084383	3375535
111.662	3084446	3375697
111.702	3084406	3375557
111.742	3084037	3374531
111.782	3083609	3373394
111.822	3083404	3372935
111.882	3083428	3373030
111.922	3083574	3373503
111.962	3083796	3374072
112.002	3083915	3374390
112.042	3083899	3374342
112.082	3083877	3374286
112.086	3083884	3374363
112.126	3083963	3374589
112.166	3084090	3374863
112.206	3084155	3375039
112.246	3084203	3375195
112.308	3084249	3375296
112.348	3084282	3375398
112.388	3084312	3375447
112.428	3084348	3375542
112.468	3084403	3375707
112.529	3084401	3375660
112.569	3084048	3374652
112.609	3083642	3373570
112.649	3083471	3373203
112.689	3083523	3373381
112.731	3083709	3373922
112.771	3083955	3374496
112.811	3084037	3374749
112.851	3084032	3374687
112.891	3084020	3374651
112.932	3084083	3374768
112.972	3084185	3375067
113.012	3084289	3375371
113.052	3084385	3375644
113.092	3084444	3375816
113.154	3084471	3375904
113.194	3084475	3375904
113.234	3084501	3375953
113.274	3084544	3376047
113.314	3084610	3376230
113.354	3084667	3376413
113.356	3084653	3376302
113.396	3084304	3375394
113.436	3083914	3374286
113.476	3083759	3373902
113.516	3083838	3374141
113.577	3084085	3374756
113.617	3084281	3375262
113.657	3084321	3375405
113.697	3084289	3375326
113.737	3084253	3375243
113.799	3084294	3375321
113.839	3084357	3375498
113.879	3084435	3375716
113.919	3084500	3375898
113.959	3084524	3376020
113.999	3084567	3376116
114.001	3084582	3376130
114.041	3084588	3376183
114.081	3084634	3376274
114.121	3084664	3376402
114.161	3084685	3376488
114.202	3084493	3375948
114.242	3084079	3374803
114.282	3083755	3373961
114.322	3083706	3373845
114.362	3083821	3374200
114.423	3084031	3374761
114.463	3084180	3375183
114.503	3084200	3375207
114.543	3084158	3375038
114.583	3084142	3374983
114.627	3084194	3375131
114.667	3084269	3375357
114.707	3084354	3375566
114.747	3084398	3375692
114.787	3084418	3375738
114.849	3084455	3375850
114.889	3084440	3375899
114.929	3084459	3375923
114.969	3084522	3376066
115.009	3084576	3376188
115.049	3084510	3376005
115.07	3084092	3374937
115.11	3083685	3373785
115.15	3083504	3373388
115.19	3083516	3373479
115.23	3083655	3373853
115.274	3083880	3374457
115.314	3083999	3374756
115.354	3083991	3374705
115.394	3083979	3374629
115.434	3083992	3374693
115.495	3084079	3374920
115.535	3084190	3375139
115.575	3084233	3375306
115.615	3084273	3375486
115.655	3084313	3375579
115.695	3084325	3375626
115.716	3084325	3375645
115.756	3084361	3375727
115.796	3084414	3375877
115.836	3084477	3376020
115.876	3084359	3375690
115.92	3083967	3374566
115.96	3083574	3373557
116	3083453	3373292
116.04	3083492	3373471
116.08	3083686	3373992
116.139	3083972	3374729
116.179	3083947	3374663
116.219	3083938	3374611
116.259	3083973	3374727
116.299	3084068	3374925
116.36	3084156	3375175
116.4	3084211	3375358
116.44	3084259	3375496
116.48	3084301	3375594
116.52	3084306	3375603
116.564	3084383	3375780
116.604	3084442	3375955
116.644	3084492	3376123
116.684	3084357	3375737
116.786	3083685	3373821
116.826	3083638	3373698
116.866	3083742	3374012
116.906	3083950	3374551
116.946	3084105	3374978
117.007	3084118	3375042
117.047	3084078	3374925
117.087	3084103	3374931
117.127	3084166	3375077
117.167	3084249	3375306
117.207	3084341	3375516
117.209	3084401	3375671
117.249	3084430	3375802
117.289	3084464	3375843
117.329	3084474	3375874
117.369	3084534	3376040
117.411	3084643	3376298
117.451	3084727	3376534
117.491	3084761	3376639
117.531	3084537	3376017
117.571	3084149	3374948
117.632	3083914	3374297
117.672	3083912	3374296
117.712	3084060	3374733
117.752	3084280	3375291
117.792	3084374	3375533
117.834	3084362	3375445
117.874	3084271	3375281
117.914	3084220	3375229
117.954	3084292	3375338
117.994	3084340	3375456
118.036	3084377	3375609
118.076	3084426	3375750
118.116	3084454	3375818
118.156	3084463	3375815
118.196	3084444	3375762
118.257	3084449	3375846
118.297	3084498	3375989
118.337	3084542	3376073
118.377	3084382	3375673
118.417	3083937	3374520
118.457	3083613	3373619
118.459	3083496	3373441
118.499	3083587	3373692
118.539	3083784	3374237
118.579	3083962	3374704
118.619	3083987	3374789
118.661	3083966	3374685
118.701	3083958	3374676
118.741	3084011	3374817
118.781	3084098	3375060
118.821	3084188	3375290
118.882	3084237	3375383
118.922	3084275	3375533
118.962	3084317	3375630
119.002	3084327	3375676
119.042	3084358	3375741
119.084	3084400	3375856
119.124	3084459	3376052
119.164	3084453	3376027
119.204	3084173	3375211
119.244	3083702	3373923
119.306	3083434	3373284
119.346	3083415	3373288
119.386	3083516	3373635
119.426	3083766	3374258
119.466	3083919	3374676
119.506	3083923	3374697
119.527	3083899	3374592
119.567	3083898	3374592
119.607	3083977	3374803
119.647	3084068	3375053
119.687	3084128	3375253
119.729	3084196	3375402
119.769	3084205	3375482
119.809	3084229	3375540
119.849	3084243	3375564
119.889	3084281	3375645
119.951	3084341	3375790
119.991	3084403	3375951
120.031	3084391	3375912
120.071	3084071	3375064
120.111	3083656	3373901
120.151	3083464	3373457
120.172	3083485	3373543
120.212	3083652	3373955
120.252	3083880	3374561
120.292	3084014	3374929
120.332	3084008	3374910
120.374	3083970	3374793
120.414	3084008	3374889
120.454	3084079	3375101
120.494	3084158	3375350
120.534	3084271	3375593
120.574	3084389	3375878
120.614	3084404	3375942
120.654	3084403	3375967
120.694	3084476	3376128
120.797	3084618	3376512
120.837	3084650	3376530
120.877	3084404	3375828
120.917	3083982	3374709
120.957	3083760	3374100
121.001	3083761	3374151
121.041	3083898	3374552
121.081	3084113	3375075
121.121	3084204	3375370
121.161	3084187	3375327
121.222	3084132	3375167
121.262	3084120	3375154
121.302	3084183	3375293
121.342	3084254	3375518
121.382	3084316	3375656
121.422	3084343	3375759
121.442	3084374	3375835
121.482	3084375	3375836
121.522	3084378	3375883
121.562	3084390	3375910
121.602	3084441	3376070
121.647	3084486	3376185
121.687	3084469	3376136
121.727	3084215	3375428
121.767	3083774	3374273
121.807	3083523	3373697
121.867	3083502	3373707
121.907	3083597	3374010
121.947	3083802	3374509
121.987	3083890	3374798
122.027	3083880	3374755
122.067	3083821	3374605
122.088	3083825	3374609
122.128	3083885	3374760
122.168	3083971	3374983
122.208	3084044	3375179
122.248	3084098	3375296
122.292	3084122	3375395
122.332	3084151	3375464
122.372	3084183	3375544
122.412	3084218	3375616
122.452	3084249	3375738
122.512	3084327	3375912
122.552	3084352	3375953
122.592	3084093	3375218
122.632	3083608	3373988
122.672	3083326	3373314
122.712	3083253	3373230
122.733	3083322	3373441
122.773	3083516	3373958
122.813	3083691	3374386
122.853	3083685	3374450
122.893	3083672	3374376
122.936	3083712	3374470
122.976	3083823	3374777
123.016	3083922	3374998
123.056	3084036	3375263
123.096	3084086	3375504
123.158	3084111	3375598
123.198	3084151	3375689
123.238	3084168	3375726
123.278	3084174	3375747
123.318	3084207	3375899
123.358	3084257	3376067
123.379	3084346	3376192
123.419	3084210	3375832
123.459	3083763	3374680
123.499	3083410	3373762
123.539	3083316	3373518
123.583	3083345	3373658
123.623	3083484	3374088
123.663	3083686	3374566
123.703	3083776	3374761
123.743	3083734	3374718
123.804	3083730	3374679
123.844	3083789	3374836
123.884	3083873	3375046
123.924	3083985	3375298
123.964	3084045	3375509
124.004	3084102	3375650
124.025	3084137	3375761
124.065	3084165	3375841
124.105	3084199	3375941
124.145	3084264	3376041
124.185	3084322	3376211
124.227	3084361	3376353
124.267	3084379	3376334
124.307	3084139	3375644
124.347	3083720	3374572
124.387	3083510	3374060
124.449	3083665	3374542
124.489	3083883	3375126
124.529	3084003	3375440
124.569	3084027	3375480
124.609	3083996	3375394
124.669	3084026	3375424
124.709	3084094	3375602
124.749	3084176	3375842
124.789	3084256	3376071
124.829	3084328	3376244
124.873	3084395	3376415
124.913	3084434	3376507
124.953	3084461	3376584
124.993	3084513	3376732
125.093	3084603	3376938
125.133	3084428	3376448
125.173	3084052	3375454
125.213	3083788	3374856
125.253	3083786	3374876
125.293	3083923	3375232
125.333	3084123	3375755
125.373	3084240	3376061
125.413	3084233	3376060
125.453	3084194	3375985
125.498	3084209	3375992
125.538	3084262	3376123
125.578	3084328	3376283
125.618	3084378	3376451
125.658	3084415	3376565
125.718	3084440	3376610
125.758	3084465	3376637
125.798	3084473	3376664
125.838	3084474	3376728
125.878	3084526	3376834
125.918	3084570	3376993
125.938	3084545	3376893
125.978	3084263	3376165
126.018	3083881	3375133
126.058	3083646	3374633
126.098	3083619	3374616
126.142	3083691	3374908
126.182	3083876	3375365
126.222	3084010	3375664
126.262	3083986	3375675
126.302	3083967	3375572
126.342	3083985	3375650
126.382	3084060	3375801
126.422	3084124	3375962
126.462	3084208	3376163
126.502	3084267	3376310
126.542	3084294	3376394
126.582	3084312	3376488
126.622	3084342	3376551
126.662	3084359	3376596
126.702	3084417	3376732
126.745	3084477	3376842
126.785	3084426	3376759
126.825	3084151	3375996
126.865	3083743	3374947
126.905	3083533	3374510
126.966	3083513	3374517
127.006	3083603	3374792
127.046	3083809	3375327
127.086	3083929	3375609
127.126	3083908	3375601
127.166	3083908	3375533
127.166	3083906	3375601
127.206	3083985	3375793
127.246	3084067	3376009
127.286	3084161	3376215
127.326	3084224	3376385
127.369	3084273	3376523
127.409	3084333	3376610
127.449	3084370	3376711
127.489	3084400	3376771
127.529	3084465	3376944
127.569	3084524	3377051
127.609	3084501	3376964
127.649	3084201	3376190
127.689	3083826	3375210
127.729	3083627	3374768
127.773	3083634	3374831
127.813	3083779	3375234
127.853	3083983	3375756
127.893	3084098	3376055
127.933	3084100	3376063
127.993	3084108	3376034
128.033	3084149	3376137
128.073	3084221	3376301
128.113	3084305	3376492
128.153	3084357	3376681
128.193	3084399	3376785
128.233	3084446	3376876
128.273	3084466	3376923
128.313	3084488	3376980
128.353	3084523	3377062
128.396	3084584	3377209
128.436	3084628	3377329
128.476	3084603	3377245
128.516	3084330	3376513
128.556	3083999	3375642
128.617	3083872	3375352
128.657	3083930	3375561
128.697	3084118	3376036
128.737	3084262	3376432
128.777	3084292	3376479
128.817	3084289	3376480
128.817	3084254	3376400
128.857	3084290	3376484
128.897	3084315	3376633
128.937	3084390	3376815
128.977	3084457	3376954
129.021	3084490	3377040
129.061	3084515	3377055
129.101	3084519	3377084
129.141	3084531	3377094
129.181	3084546	3377173
129.241	3084598	3377255
129.281	3084599	3377278
129.321	3084402	3376775
129.361	3084007	3375705
129.401	3083710	3375004
129.441	3083668	3374901
129.481	3083725	3375141
129.521	3083935	3375649
129.561	3084082	3376022
129.601	3084093	3376079
129.644	3084059	3375988
129.684	3084059	3375962
129.724	3084097	3376084
129.764	3084167	3376259
129.804	3084215	3376386
129.844	3084260	3376502
129.884	3084302	3376591
129.924	3084325	3376617
129.964	3084320	3376628
130.004	3084346	3376690
130.046	3084387	3376771
130.086	3084441	3376913
130.126	3084421	3376843
130.166	3084143	3376081
130.206	3083713	3374992
130.268	3083476	3374459
130.308	3083441	3374425
130.348	3083537	3374690
130.388	3083711	3375166
130.428	3083831	3375465
130.468	3083832	3375469
130.488	3083806	3375402
130.528	3083839	3375484
130.568	3083907	3375660
130.608	3083999	3375909
130.648	3084079	3376108
130.692	3084139	3376263
130.732	3084186	3376389
130.772	3084221	3376485
130.812	3084237	3376524
130.852	3084264	3376577
130.914	3084357	3376811
130.954	3084305	3376714
130.994	3084021	3375880
131.034	3083604	3374825
131.074	3083418	3374373
131.134	3083397	3374423
131.174	3083514	3374777
131.214	3083708	3375282
131.254	3083823	3375552
131.294	3083818	3375521
131.338	3083839	3375517
131.378	3083913	3375731
131.418	3084005	3375953
131.458	3084106	3376164
131.498	3084166	3376350
131.558	3084224	3376465
131.598	3084241	3376543
131.638	3084257	3376607
131.678	3084310	3376733
131.718	3084410	3376938
131.779	3084458	3377090
131.819	3084468	3377049
131.859	3084238	3376430
131.899	3083873	3375426
131.939	3083688	3374973
131.979	3083713	3375059
131.983	3083851	3375471
132.023	3084054	3375991
132.063	3084172	3376289
132.103	3084185	3376237
132.143	3084162	3376181
132.205	3084194	3376263
132.245	3084287	3376422
132.285	3084351	3376639
132.325	3084390	3376758
132.365	3084445	3376881
132.426	3084469	3376940
132.466	3084478	3377004
132.506	3084502	3377009
132.546	3084521	3377060
132.586	3084561	3377164
132.626	3084611	3377254
132.628	3084564	3377173
132.668	3084329	3376529
132.708	3083986	3375563
132.748	3083784	3375144
132.788	3083817	3375308
132.829	3084017	3375808
132.869	3084194	3376279
132.909	3084246	3376398
132.949	3084213	3376334
132.989	3084186	3376263
133.051	3084222	3376328
133.091	3084289	3376497
133.131	3084335	3376639
133.171	3084376	3376779
133.211	3084404	3376857
133.253	3084421	3376901
133.293	3084444	3376924
133.333	3084453	3376966
133.373	3084489	3377012
133.413	3084511	3377093
133.455	3084519	3377091
133.495	3084283	3376479
133.535	3083881	3375373
133.575	3083624	3374757
133.615	3083572	3374721
133.676	3083681	3375023
133.716	3083877	3375539
133.756	3084018	3375905
133.796	3084043	3375974
133.836	3084039	3375945
133.876	3084066	3376000
133.878	3084144	3376187
133.918	3084212	3376403
133.958	3084265	3376563
133.998	3084314	3376684
134.038	3084360	3376761
134.099	3084373	3376785
134.139	3084396	3376780
134.179	3084401	3376881
134.219	3084465	3377003
134.259	3084514	3377102
134.321	3084431	3376823
134.361	3084057	3375847
134.401	3083700	3374916
134.441	3083548	3374603
134.481	3083600	3374820
134.521	3083805	3375328
134.523	3084015	3375846
134.563	3084085	3376031
134.603	3084043	3375975
134.643	3084055	3375927
134.683	3084098	3376064
134.744	3084172	3376260
134.784	3084239	3376455
134.824	3084311	3376593
134.864	3084352	3376668
134.904	3084371	3376743
134.966	3084364	3376761
135.006	3084426	3376892
135.046	3084519	3377032
135.086	3084534	3377077
135.126	3084334	3376588
135.168	3083970	3375552
135.208	3083749	3374930
135.248	3083718	3374893
135.288	3083846	3375263
135.328	3084068	3375806
135.389	3084196	3376174
135.429	3084250	3376212
135.469	3084224	3376172
135.509	3084248	3376215
135.549	3084297	3376363
135.611	3084463	3376753
135.651	3084530	3376913
135.691	3084560	3376999
135.731	3084556	3376974
135.771	3084568	3377019
135.813	3084599	3377110
135.853	3084659	3377236
135.893	3084695	3377348
135.933	3084648	3377201
135.973	3084354	3376388
136.034	3084050	3375586
136.074	3084013	3375417
136.114	3084115	3375699
136.154	3084336	3376244
136.194	3084481	3376666
136.234	3084544	3376744
136.255	3084480	3376604
136.295	3084464	3376561
136.335	3084485	3376619
136.375	3084532	3376747
136.415	3084576	3376898
136.458	3084627	3377020
136.498	3084644	3377096
136.538	3084662	3377130
136.578	3084665	3377151
136.618	3084680	3377175
136.679	3084730	3377279
136.719	3084766	3377399
136.759	3084706	3377221
136.799	3084369	3376305
136.839	3084038	3375406
136.879	3083930	3375126
136.901	3084000	3375296
136.941	3084175	3375745
136.981	3084338	3376167
137.021	3084401	3376285
137.061	3084358	3376196
137.104	3084324	3376103
137.144	3084349	3376113
137.184	3084423	3376301
137.224	3084482	3376508
137.264	3084524	3376633
137.325	3084545	3376711
137.365	3084601	3376807
137.405	3084606	3376854
137.445	3084625	3376860
137.485	3084661	3376997
137.525	3084718	3377128
137.547	3084685	3377012
137.587	3084365	3376158
137.627	3083999	3375138
137.667	3083873	3374750
137.707	3083919	3374835
137.751	3084029	3375176
137.791	3084205	3375691
137.831	3084315	3375948
137.871	3084282	3375917
137.911	3084281	3375860
137.973	3084310	3375913
138.013	3084391	3376090
138.053	3084456	3376327
138.093	3084522	3376532
138.133	3084563	3376631
138.173	3084616	3376761
138.194	3084632	3376780
138.234	3084634	3376812
138.274	3084673	3376891
138.314	3084735	3377026
138.354	3084760	3377129
138.396	3084656	3376821
138.436	3084264	3375764
138.476	3083950	3374919
138.516	3083882	3374729
138.556	3083955	3374913
138.618	3084136	3375405
138.658	3084324	3375893
138.698	3084392	3376083
138.738	3084374	3376034
138.778	3084390	3376023
138.818	3084414	3376102
138.839	3084512	3376313
138.879	3084594	3376551
138.919	3084655	3376732
138.959	3084701	3376834
138.999	3084733	3376935
139.041	3084805	3377088
139.081	3084860	3377230
139.121	3084939	3377420
139.161	3085007	3377623
139.263	3084614	3376557
139.303	3084273	3375626
139.343	3084202	3375369
139.383	3084283	3375630
139.423	3084482	3376101
139.484	3084662	3376596
139.524	3084719	3376732
139.564	3084677	3376639
139.604	3084677	3376592
139.644	3084712	3376687