Time (s),Red,IR,filtered,isZeroX
41.14,5491,10137,0.29,0
41.18,5490,10137,-0.75,0
41.22,5487,10138,-0.28,0
41.26,5486,10139,0.47,0
41.30,5491,10142,1.23,0
41.36,5478,10132,1.59,0
41.40,5481,10125,0.68,0
41.44,5481,10106,-0.74,0
41.48,5478,10104,-1.64,1
41.52,5487,10095,-1.5,0
41.56,5499,10082,0.89,0
41.60,5486,10075,4.65,0
41.64,5489,10084,6.81,0
41.68,5484,10070,6.35,0
41.76,5465,10090,2.95,0
41.80,5473,10096,-2.75,1
41.84,5487,10095,-6.58,0
41.88,5470,10097,-6.57,0
41.98,5480,10099,-4.84,0
42.02,5486,10108,-1.97,0
42.06,5480,10113,1.58,0
42.10,5481,10114,3.91,0
42.14,5493,10114,5.15,0
42.20,5501,10106,7.03,0
42.24,5504,10100,9.75,0
42.28,5507,10093,11.99,0
42.32,5499,10095,12.11,0
42.36,5498,10082,9.15,0
42.40,5493,10096,3.86,0
42.44,5500,10092,-1.62,1
42.48,5501,10105,-5.1,0
42.52,5498,10105,-6.26,0
42.56,5502,10096,-6.08,0
42.62,5498,10100,-5.32,0
42.66,5501,10087,-4.63,0
42.70,5476,10085,-5.5,0
47.27,3365520,3385471,-6963.48,0
47.31,3365434,3385401,-11138.53,0
47.35,3365315,3385232,-14062.15,0
47.39,3365228,3385106,-15860.99,0
47.45,3365164,3385025,-16677.01,0
47.49,3365029,3384897,-16660.83,0
47.53,3365001,3384831,-15965.51,0
47.57,3365017,3384869,-14730.08,0
47.61,3365023,3384929,-13087.13,0
47.65,3365005,3384981,-11176.06,0
47.69,3364944,3384820,-9136.31,0
47.73,3364889,3384720,-7091.48,0
47.77,3364830,3384697,-5136.06,0
47.81,3364893,3384767,-3328.26,0
47.86,3364799,3384757,-1705.48,0
47.90,3364865,3384876,-298.56,0
47.94,3364825,3384861,875.85,0
47.98,3364773,3384823,1805.81,0
48.02,3364717,3384785,2485.13,0
48.08,3364620,3384746,2923.58,0
48.12,3364636,3384840,3149.03,0
48.16,3364577,3384832,3202.42,0
48.20,3364607,3384933,3122.27,0
48.24,3364538,3384838,2938.55,0
48.30,3364544,3384826,2673.19,0
48.34,3364540,3384828,2349.47,0
48.38,3364483,3384818,1988.55,0
48.42,3364459,3384804,1605.29,0
48.46,3364421,3384700,1217.5,0
48.50,3364341,3384506,841.22,0
48.54,3364280,3384380,487.74,0
48.58,3364216,3384330,169.43,0
48.62,3364227,3384413,-98.07,1
48.66,3364210,3384444,-301.39,0
48.70,3364210,3384467,-439.34,0
48.72,3364233,3384640,-519.38,0
48.76,3364254,3384702,-550.92,0
48.80,3364237,3384652,-547.94,0
48.84,3364181,3384649,-528.97,0
48.88,3364132,3384566,-508.47,0
48.94,3364098,3384503,-488.34,0
48.98,3364120,3384546,-458.57,0
49.02,3364090,3384508,-409.63,0
49.06,3364099,3384485,-342.5,0
49.10,3364077,3384524,-264.42,0
49.14,3364010,3384453,-188.06,0
49.18,3363949,3384399,-127.34,0
49.22,3363917,3384341,-85.03,0
49.26,3363809,3384132,-57.64,0
49.35,3363721,3383953,-44.77,0
49.39,3363741,3384004,-36.86,0
49.43,3363715,3384080,-17.02,0
49.47,3363696,3384091,18.08,0
49.51,3363700,3384167,61.1,0
49.57,3363666,3384129,102.91,0
49.61,3363697,3384178,136.37,0
49.65,3363716,3384263,161.86,0
49.69,3363675,3384291,177.58,0
49.73,3363680,3384311,178.06,0
49.78,3363663,3384331,164.68,0
49.83,3363695,3384380,144.77,0
49.87,3363652,3384355,123.45,0
49.91,3363648,3384365,99.74,0
49.95,3363616,3384379,72.85,0
49.99,3363569,3384359,42.56,0
50.03,3363562,3384285,10.45,0
50.07,3363445,3384020,-22.68,1
50.11,3363349,3383847,-62.57,0
50.15,3363316,3383797,-106.05,0
50.21,3363303,3383778,-136.58,0
50.25,3363269,3383824,-143.09,0
50.29,3363267,3383876,-126.73,0
50.33,3363270,3383926,-93.27,0
50.37,3363246,3383883,-51.85,0
50.43,3363233,3383861,-13.72,0
50.47,3363194,3383800,13.24,0
50.51,3363179,3383767,26.8,0
50.55,3363161,3383785,30.87,0
50.59,3363170,3383827,32.64,0
50.63,3363131,3383748,35.82,0
50.63,3363068,3383699,35.59,0
50.67,3363049,3383665,27.66,0
50.71,3363043,3383560,17.5,0
50.75,3363064,3383579,14.3,0
50.79,3363056,3383545,21.74,0
50.84,3362980,3383400,31.04,0
50.88,3362873,3383167,25.45,0
50.92,3362818,3383044,-1.32,1
50.96,3362832,3383034,-34.29,0
51.00,3362881,3383142,-49.04,0
51.05,3362868,3383201,-35.46,0
51.09,3362867,3383244,-4.51,0
51.13,3362902,3383280,30.25,0
51.17,3362915,3383241,62.04,0
51.21,3362954,3383256,87.03,0
51.26,3362976,3383364,103.95,0
51.30,3362948,3383368,109.46,0
51.34,3363001,3383429,102.46,0
51.38,3363016,3383514,90.43,0
51.41,3363015,3383500,77.52,0
51.46,3363051,3383569,63.85,0
51.50,3363069,3383555,52.03,0
51.54,3363104,3383681,43.59,0
51.58,3363094,3383681,36.25,0
51.62,3363025,3383600,21.08,0
51.68,3362978,3383451,-10.22,1
51.72,3362854,3383223,-58.28,0
51.76,3362835,3383205,-114.62,0
51.80,3362813,3383206,-159.63,0
51.84,3362883,3383308,-172.85,0
51.88,3362879,3383367,-147.8,0
51.88,3362940,3383492,-95.14,0
51.92,3362955,3383516,-31.69,0
51.96,3362876,3383486,20.34,0
52.00,3362853,3383486,41.54,0
52.04,3362879,3383550,36.68,0
52.08,3362888,3383613,25.33,0
52.12,3362862,3383623,18.02,0
52.16,3362924,3383711,18.25,0
52.20,3362927,3383743,29.1,0
52.24,3362962,3383836,46.92,0
52.30,3362909,3383847,60.92,0
52.34,3362902,3383863,60.41,0
52.38,3362951,3383941,48.63,0
52.42,3362890,3383894,34.13,0
52.46,3362827,3383734,12.9,0
52.52,3362715,3383479,-22.33,1
52.56,3362697,3383439,-67.22,0
52.60,3362727,3383507,-101.76,0
52.64,3362713,3383578,-108.91,0
52.68,3362754,3383691,-88.57,0
52.72,3362768,3383751,-49.01,0
52.73,3362822,3383829,-0.83,0
52.77,3362810,3383840,44.06,0
52.80,3362825,3383869,74.32,0
52.84,3362786,3383871,83.64,0
52.88,3362801,3383884,73.84,0
52.95,3362838,3383966,56.88,0
52.99,3362812,3383959,43.15,0
53.03,3362835,3384049,33.31,0
53.07,3362839,3384050,27.25,0
53.11,3362831,3384074,23.46,0
53.17,3362826,3384112,18.06,0
53.21,3362796,3384098,8.26,0
53.25,3362792,3384084,-6.19,1
53.29,3362674,3383859,-27.51,0
53.33,3362605,3383674,-60.96,0
53.37,3362555,3383616,-101.11,0
53.37,3362576,3383645,-130.02,0
53.41,3362566,3383691,-132.82,0
53.45,3362576,3383770,-109.06,0
53.49,3362591,3383829,-67.84,0
53.53,3362552,3383806,-22.99,0
53.57,3362569,3383786,12.63,0
53.61,3362580,3383818,37.14,0
53.65,3362561,3383836,52.59,0
53.69,3362575,3383862,59.73,0
53.73,3362574,3383878,61.93,0
53.79,3362566,3383922,61.36,0
53.83,3362575,3383973,58.54,0
53.87,3362594,3383997,56.03,0
53.91,3362567,3384025,53.72,0
53.95,3362597,3384072,49.5,0
54.01,3362564,3384054,43.0,0
54.05,3362530,3384030,30.79,0
54.09,3362490,3383881,9.86,0
54.13,3362366,3383621,-22.09,1
54.17,3362398,3383637,-60.54,0
54.21,3362439,3383668,-84.24,0
54.22,3362454,3383788,-78.15,0
54.26,3362472,3383882,-48.35,0
54.30,3362425,3383815,-12.65,0
54.34,3362420,3383785,11.75,0
54.38,3362396,3383745,19.62,0
54.44,3362346,3383697,12.83,0
54.48,3362365,3383704,-2.04,1
54.52,3362404,3383785,-10.54,0
54.56,3362418,3383842,-3.11,0
54.60,3362409,3383789,15.07,0
54.66,3362399,3383846,32.13,0
54.70,3362362,3383793,38.66,0
54.74,3362347,3383836,31.57,0
54.78,3362349,3383818,16.58,0
54.82,3362292,3383747,-0.15,0
54.86,3362245,3383577,-19.23,1
54.90,3362168,3383383,-42.43,0
54.94,3362127,3383341,-67.67,0
54.98,3362207,3383442,-81.43,0
55.02,3362193,3383466,-69.56,0
55.06,3362242,3383603,-35.45,0
55.10,3362261,3383651,9.34,0
55.14,3362211,3383551,48.75,0
55.18,3362175,3383525,65.64,0
55.22,3362194,3383569,59.62,0
55.28,3362165,3383555,43.03,0
55.32,3362162,3383599,25.08,0
55.36,3362215,3383671,14.66,0
55.40,3362195,3383666,17.04,0
55.44,3362202,3383741,25.82,0
55.48,3362218,3383786,34.17,0
55.52,3362278,3383856,43.19,0
55.56,3362249,3383849,52.38,0
55.60,3362198,3383771,51.31,0
55.68,3361995,3383321,22.45,0
55.72,3361983,3383282,-37.62,1
55.76,3362001,3383358,-99.47,0
55.80,3362017,3383430,-129.69,0
55.90,3362013,3383498,-121.09,0
55.94,3361942,3383412,-90.2,0
55.98,3361994,3383474,-55.41,0
56.02,3361977,3383430,-21.79,0
56.06,3362008,3383532,8.8,0
56.10,3361996,3383535,33.63,0
56.14,3361998,3383552,50.22,0
56.18,3362012,3383612,58.63,0
56.22,3362017,3383676,62.23,0
56.26,3362018,3383716,62.73,0
56.31,3362067,3383774,62.9,0
56.35,3362064,3383795,65.49,0
56.39,3362038,3383765,65.27,0
56.43,3361946,3383558,50.82,0
56.47,3361867,3383330,14.58,0
56.52,3361801,3383214,-37.92,1
56.56,3361788,3383243,-88.89,0
56.60,3361857,3383351,-114.97,0
56.65,3361880,3383468,-102.12,0
56.69,3361899,3383569,-58.99,0
56.74,3361871,3383505,-8.65,0
56.78,3361880,3383537,29.17,0
56.83,3361884,3383553,48.67,0
56.87,3361902,3383635,54.56,0
56.91,3361880,3383651,52.02,0
56.95,3361855,3383649,42.12,0
56.99,3361873,3383701,28.02,0
57.03,3361868,3383693,16.66,0
57.07,3361895,3383753,12.28,0
57.11,3361860,3383731,13.06,0
57.17,3361835,3383722,11.38,0
57.21,3361782,3383627,0.72,0
57.25,3361676,3383371,-23.34,1
57.29,3361633,3383152,-59.82,0
57.33,3361600,3383082,-95.68,0
57.37,3361631,3383139,-113.28,0
57.39,3361647,3383222,-101.96,0
57.43,3361686,3383335,-63.96,0
57.47,3361648,3383350,-14.6,0
57.51,3361678,3383377,28.32,0
57.55,3361664,3383359,56.88,0
57.59,3361684,3383423,71.09,0
57.63,3361699,3383448,75.55,0
57.67,3361703,3383517,75.4,0
57.71,3361748,3383601,74.48,0
57.75,3361730,3383618,74.27,0
57.79,3361750,3383650,71.5,0
57.83,3361751,3383619,64.51,0
57.87,3361746,3383636,53.37,0
57.91,3361740,3383671,37.88,0
57.95,3361717,3383633,18.65,0
58.02,3361653,3383472,-5.9,1
58.05,3361533,3383190,-41.54,0
58.09,3361497,3383079,-87.65,0
58.13,3361489,3383086,-127.83,0
58.17,3361555,3383221,-140.47,0
58.22,3361562,3383304,-116.88,0
58.23,3361576,3383398,-68.89,0
58.27,3361576,3383404,-16.59,0
58.31,3361553,3383342,23.67,0
58.35,3361572,3383416,45.1,0
58.39,3361525,3383384,49.49,0
58.44,3361557,3383454,42.49,0
58.48,3361534,3383511,32.93,0
58.52,3361558,3383575,26.82,0
58.56,3361584,3383611,27.91,0
58.60,3361576,3383627,35.65,0
58.66,3361596,3383661,44.12,0
58.70,3361587,3383686,48.83,0
58.74,3361609,3383694,48.23,0
58.78,3361599,3383699,43.08,0
58.82,3361534,3383486,30.2,0
58.86,3361400,3383191,-0.39,0
58.88,3361340,3383102,-51.19,1
58.92,3361364,3383105,-102.42,0
58.96,3361358,3383145,-128.28,0
59.00,3361382,3383223,-120.22,0
59.04,3361390,3383258,-85.33,0
59.08,3361369,3383217,-39.81,0
59.12,3361346,3383212,-1.71,0
59.16,3361361,3383261,21.49,0
59.20,3361391,3383322,35.25,0
59.24,3361361,3383300,44.69,0
59.28,3361418,3383376,51.49,0
59.32,3361395,3383376,58.17,0
59.36,3361430,3383446,63.81,0
59.40,3361424,3383419,66.86,0
59.44,3361439,3383452,66.3,0
59.50,3361444,3383463,61.64,0
59.54,3361409,3383439,51.46,0
59.58,3361494,3383486,38.86,0
59.62,3361411,3383283,28.24,0
59.66,3361302,3383040,7.47,0
59.70,3361307,3383019,-29.79,1
59.71,3361305,3383033,-66.29,0
59.75,3361367,3383178,-81.98,0
59.79,3361360,3383222,-70.61,0
59.83,3361376,3383268,-42.28,0
59.87,3361411,3383272,-9.44,0
59.91,3361331,3383186,15.52,0
59.95,3361389,3383233,24.04,0
59.99,3361390,3383230,23.47,0
60.03,3361447,3383330,24.8,0
60.07,3361488,3383427,34.03,0
60.13,3361450,3383424,46.68,0
60.17,3361547,3383588,55.76,0
60.21,3361461,3383497,58.56,0
60.25,3361466,3383556,47.33,0
60.29,3361469,3383547,23.81,0
60.33,3361456,3383533,-1.34,1
60.37,3361392,3383432,-25.84,0
60.41,3361259,3383135,-57.5,0
60.45,3361244,3383040,-98.27,0
60.49,3361209,3382995,-133.23,0
60.53,3361261,3383114,-144.41,0
60.57,3361276,3383186,-123.39,0
60.61,3361356,3383305,-73.84,0
60.65,3361377,3383338,-8.51,0
60.69,3361315,3383230,49.02,0
60.75,3361321,3383278,77.81,0
60.79,3361369,3383381,81.7,0
60.83,3361352,3383369,75.39,0
60.87,3361390,3383456,66.86,0
60.91,3361483,3383620,65.82,0
60.97,3361454,3383625,75.39,0
61.01,3361498,3383699,84.73,0
61.05,3361507,3383744,86.61,0
61.09,3361473,3383712,77.05,0
61.13,3361408,3383612,49.54,0
61.18,3361318,3383271,1.73,0
61.22,3361215,3383030,-61.94,1
61.26,3361201,3383019,-126.29,0
61.30,3361204,3383088,-167.99,0
61.34,3361263,3383263,-169.94,0
61.40,3361335,3383423,-129.01,0
61.44,3361332,3383391,-60.52,0
61.48,3361332,3383377,6.97,0
61.52,3361363,3383446,54.33,0
61.56,3361331,3383412,76.82,0
61.62,3361372,3383500,77.97,0
61.66,3361368,3383538,68.44,0
61.70,3361385,3383592,56.97,0
61.74,3361334,3383563,44.19,0
61.78,3361368,3383620,29.4,0
61.82,3361423,3383725,20.55,0
61.86,3361414,3383674,22.82,0
61.90,3361257,3383346,19.46,0
61.94,3361129,3382980,-13.66,1
62.02,3361122,3383014,-72.05,0
62.06,3361118,3383088,-123.78,0
62.10,3361196,3383295,-140.13,0
62.14,3361189,3383269,-113.89,0
62.18,3361178,3383330,-63.31,0
62.24,3361186,3383361,-12.43,0
62.28,3361145,3383331,23.8,0
62.32,3361183,3383437,41.51,0
62.36,3361199,3383495,49.15,0
62.40,3361232,3383583,56.09,0
62.46,3361183,3383564,61.64,0
62.50,3361214,3383611,61.0,0
62.54,3361187,3383577,54.69,0
62.58,3361083,3383465,38.36,0
62.62,3361112,3383510,9.92,0
62.67,3360971,3383346,-24.18,1
62.71,3360773,3382910,-71.23,0
62.75,3360603,3382575,-139.98,0
62.79,3360584,3382628,-211.24,0
62.83,3360569,3382619,-248.95,0
62.89,3360591,3382713,-232.61,0
62.93,3360575,3382740,-169.03,0
62.97,3360600,3382764,-80.88,0
63.01,3360535,3382699,5.06,0
63.05,3360551,3382761,68.62,0
63.11,3360614,3382853,110.8,0
63.15,3360521,3382822,136.93,0
63.19,3360536,3382901,143.02,0
63.23,3360580,3382989,137.5,0
63.27,3360561,3383005,132.84,0
63.31,3360555,3383038,128.03,0
63.31,3360544,3383011,118.84,0
63.35,3360577,3383100,106.63,0
63.39,3360598,3383138,96.47,0
63.43,3360646,3383176,91.84,0
63.47,3360517,3382938,83.62,0
63.51,3360405,3382670,50.93,0
63.55,3360376,3382561,-8.31,1
63.59,3360361,3382564,-69.86,0
63.63,3360359,3382605,-109.94,0
63.67,3360381,3382728,-118.2,0
63.73,3360456,3382907,-93.44,0
63.77,3360442,3382924,-45.62,0
63.81,3360475,3382993,5.12,0
63.85,3360537,3383043,47.14,0
63.89,3360631,3383156,82.82,0
63.93,3360667,3383263,114.15,0
63.97,3360765,3383417,138.77,0
64.01,3360721,3383396,150.34,0
64.05,3360763,3383507,140.43,0
64.09,3360737,3383464,109.93,0
64.14,3360764,3383499,67.67,0
64.18,3360827,3383611,28.1,0
64.22,3360851,3383606,3.75,0
64.26,3360877,3383612,-6.22,1
64.30,3360815,3383419,-13.85,0
64.36,3360700,3383151,-37.57,0
64.39,3360684,3383178,-82.87,0
64.44,3360776,3383346,-125.65,0
64.47,3360866,3383501,-133.78,0
64.52,3360907,3383661,-100.44,0
64.56,3360966,3383742,-43.68,0
64.58,3360937,3383695,10.67,0
64.62,3360951,3383684,41.71,0
64.66,3360941,3383686,44.79,0
64.70,3360910,3383656,26.1,0
64.74,3360906,3383724,-4.63,1
64.78,3360915,3383789,-33.81,0
64.82,3360842,3383729,-55.14,0
64.86,3360932,3383848,-65.94,0
64.90,3360983,3383969,-55.79,0
64.94,3361012,3384002,-24.26,0
65.00,3361030,3384060,13.69,0
65.04,3360963,3383958,38.94,0
65.08,3360844,3383596,32.36,0
65.12,3360836,3383484,-7.05,1
65.16,3360861,3383500,-53.13,0
65.20,3360768,3383417,-84.5,0
65.22,3360768,3383506,-100.08,0
65.26,3360798,3383620,-97.44,0
65.30,3360735,3383603,-77.81,0
65.34,3360742,3383630,-53.24,0
65.38,3360737,3383586,-29.93,0
65.42,3360708,3383598,-10.05,0
65.46,3360805,3383785,9.28,0
65.50,3360809,3383780,35.8,0
65.54,3360810,3383832,64.48,0
65.58,3360852,3383895,86.19,0
65.63,3360848,3383903,98.7,0
65.67,3360836,3383941,98.97,0
65.71,3360792,3383873,83.57,0
65.75,3360853,3383944,58.61,0
65.79,3360718,3383764,30.26,0
65.87,3360419,3383094,-21.45,1
65.91,3360460,3383115,-103.35,0
65.95,3360442,3383148,-174.49,0
65.99,3360484,3383280,-197.5,0
66.03,3360557,3383455,-164.34,0
66.08,3360578,3383492,-88.64,0
66.12,3360581,3383476,-1.49,0
66.17,3360593,3383522,68.62,0
66.20,3360612,3383548,110.16,0
66.25,3360631,3383602,125.83,0
66.29,3360676,3383704,125.74,0
66.33,3360666,3383738,118.5,0
66.37,3360666,3383758,105.35,0
66.41,3360659,3383790,86.11,0
66.45,3360676,3383803,64.19,0
66.51,3360681,3383858,44.33,0
66.55,3360586,3383710,22.91,0
66.59,3360497,3383458,-11.66,1
66.63,3360369,3383185,-64.34,0
66.67,3360346,3383138,-124.32,0
66.73,3360371,3383200,-165.93,0
66.77,3360376,3383256,-169.34,0
66.81,3360456,3383452,-132.82,0
66.85,3360490,3383549,-66.53,0
66.89,3360485,3383552,7.09,0
66.93,3360471,3383524,62.74,0
66.97,3360488,3383609,89.86,0
67.01,3360545,3383701,96.72,0
67.05,3360576,3383699,97.76,0
67.13,3360553,3383832,96.5,0
67.17,3360571,3383873,88.91,0
67.21,3360573,3383889,75.51,0
67.25,3360603,3383904,60.64,0
67.35,3360402,3383561,36.16,0
67.39,3360326,3383306,-14.29,1
67.43,3360257,3383150,-83.28,0
67.47,3360284,3383232,-141.49,0
67.51,3360423,3383474,-156.47,0
67.55,3360479,3383612,-113.46,0
67.59,3360502,3383739,-33.93,0
67.63,3360580,3383823,48.55,0
67.67,3360528,3383773,108.69,0
67.71,3360590,3383832,132.99,0
67.76,3360579,3383837,126.92,0
67.80,3360672,3383970,107.16,0
67.84,3360758,3384079,93.44,0
67.88,3360763,3384125,92.45,0
67.92,3360777,3384140,92.13,0
67.97,3360761,3384085,80.28,0
68.02,3360782,3384142,54.65,0
68.06,3360750,3384099,19.85,0
68.09,3360729,3384061,-19.85,1
68.14,3360663,3383808,-62.07,0
68.19,3360264,3382862,-124.42,0
68.23,3360269,3382851,-218.73,0
68.28,3360304,3383013,-300.48,0
68.31,3360456,3383255,-312.06,0
68.36,3360552,3383542,-237.28,0
68.40,3360613,3383651,-104.87,0
68.44,3360564,3383594,29.87,0
68.48,3360578,3383632,121.06,0
68.52,3360679,3383810,162.74,0
68.56,3360715,3383826,175.7,0
68.62,3360693,3383904,171.2,0
68.66,3360672,3383922,148.69,0
68.70,3360685,3383993,112.89,0
68.74,3360633,3383983,71.99,0
68.78,3360632,3384013,30.71,0
68.82,3360678,3384058,-1.64,1
68.84,3360651,3384011,-18.07,0
68.88,3360571,3383845,-28.7,0
68.92,3360359,3383319,-56.77,0
68.96,3360270,3383098,-114.45,0
69.00,3360273,3383139,-179.01,0
69.04,3360363,3383329,-208.63,0
69.08,3360470,3383575,-176.93,0
69.12,3360531,3383708,-90.63,0
69.16,3360532,3383756,14.53,0
69.20,3360554,3383769,100.04,0
69.24,3360536,3383739,145.75,0
69.28,3360582,3383827,152.93,0
69.32,3360617,3383918,138.52,0
69.36,3360648,3383998,119.48,0
69.40,3360771,3384180,108.92,0
69.47,3360784,3384222,112.65,0
69.50,3360813,3384285,119.73,0
69.55,3360805,3384311,115.34,0
69.58,3360832,3384381,94.55,0
69.62,3360798,3384340,59.8,0
69.67,3360684,3384081,9.51,0
69.68,3360472,3383513,-66.01,1
69.72,3360378,3383288,-164.6,0
69.76,3360418,3383365,-252.46,0
69.80,3360469,3383528,-286.76,0
69.84,3360500,3383686,-254.61,0
69.89,3360573,3383876,-173.2,0
69.93,3360592,3383902,-71.32,0
69.97,3360611,3383905,20.92,0
70.01,3360601,3383896,82.6,0
70.05,3360586,3383902,107.15,0
70.11,3360626,3384006,103.49,0
70.15,3360642,3384087,89.71,0
70.19,3360687,3384170,79.47,0
70.23,3360661,3384170,75.06,0
70.27,3360743,3384297,74.27,0
70.31,3360723,3384304,76.16,0
70.33,3360786,3384413,77.39,0
70.37,3360804,3384436,76.6,0
70.41,3360692,3384255,65.22,0
70.45,3360526,3383784,22.95,0
70.49,3360331,3383375,-60.25,1
70.53,3360369,3383462,-160.29,0
70.57,3360421,3383602,-225.69,0
70.61,3360499,3383807,-222.78,0
70.65,3360575,3384024,-155.78,0
70.69,3360579,3384038,-55.9,0
70.73,3360638,3384100,39.42,0
70.77,3360595,3384067,104.67,0
70.81,3360650,3384159,131.15,0
70.85,3360662,3384181,128.96,0
70.89,3360639,3384215,110.58,0
70.95,3360721,3384296,86.97,0
70.99,3360705,3384294,69.73,0
71.03,3360732,3384365,59.12,0
71.07,3360709,3384302,49.11,0
71.11,3360742,3384358,36.67,0
71.15,3360700,3384335,20.93,0
71.16,3360666,3384287,-1.37,1
71.20,3360496,3383929,-38.74,0
71.24,3360321,3383506,-101.51,0
71.28,3360286,3383387,-179.51,0
71.32,3360322,3383479,-235.27,0
71.36,3360384,3383688,-236.02,0
71.40,3360479,3383848,-175.72,0
71.44,3360544,3383983,-72.8,0
71.48,3360592,3384064,40.09,0
71.52,3360578,3384021,129.4,0
71.58,3360644,3384076,177.89,0
71.62,3360644,3384116,189.42,0
71.66,3360696,3384256,176.35,0
71.70,3360730,3384329,153.11,0
71.74,3360786,3384427,131.58,0
71.78,3360820,3384487,116.26,0
71.82,3360847,3384514,104.59,0
71.86,3360862,3384538,90.6,0
71.90,3360888,3384622,71.03,0
71.94,3360862,3384602,44.43,0
71.98,3360799,3384429,6.6,0
72.02,3360606,3383930,-52.16,1
72.06,3360413,3383593,-140.49,0
72.10,3360402,3383602,-240.39,0
72.14,3360442,3383716,-306.08,0
72.20,3360598,3384052,-298.75,0
72.24,3360628,3384121,-216.08,0
72.28,3360585,3384079,-99.77,0
72.32,3360617,3384065,1.3,0
72.36,3360634,3384155,67.76,0
72.42,3360626,3384209,99.86,0
72.46,3360682,3384303,107.19,0
72.50,3360694,3384371,104.81,0
72.54,3360724,3384452,101.56,0
72.58,3360757,3384519,100.25,0
72.63,3360812,3384563,102.71,0
72.67,3360821,3384627,106.8,0
72.71,3360807,3384631,103.92,0
72.75,3360826,3384614,88.26,0
72.79,3360604,3384155,50.67,0
72.85,3360487,3383760,-22.34,1
72.89,3360539,3383941,-110.52,0
72.93,3360639,3384182,-163.99,0
72.97,3360662,3384282,-157.05,0
73.01,3360634,3384298,-108.16,0
73.07,3360641,3384324,-51.35,0
73.11,3360614,3384310,-8.8,0
73.15,3360643,3384360,13.54,0
73.19,3360639,3384372,21.54,0
73.23,3360716,3384499,26.48,0
73.27,3360715,3384596,36.78,0
73.31,3360757,3384623,51.21,0
73.35,3360702,3384588,60.96,0
73.39,3360759,3384663,60.17,0
73.47,3360787,3384686,54.92,0
73.51,3360570,3384209,38.45,0
73.55,3360340,3383681,-17.53,1
73.59,3360350,3383631,-108.61,0
73.69,3360459,3383929,-180.11,0
73.73,3360586,3384218,-181.87,0
73.77,3360611,3384317,-113.24,0
73.81,3360636,3384365,-14.03,0
73.85,3360652,3384387,73.69,0
73.91,3360646,3384380,126.29,0
73.95,3360684,3384478,140.76,0
73.99,3360722,3384562,130.99,0
74.03,3360740,3384631,112.63,0
74.07,3360752,3384696,92.99,0
74.12,3360781,3384760,75.02,0
74.16,3360772,3384778,58.95,0
74.20,3360812,3384822,43.86,0
74.24,3360837,3384854,31.86,0
74.28,3360722,3384650,16.24,0
74.34,3360531,3384134,-24.79,1
74.38,3360448,3383927,-98.77,0
74.42,3360516,3384053,-173.97,0
74.46,3360536,3384166,-207.86,0
74.50,3360614,3384364,-185.45,0
74.56,3360683,3384551,-116.9,0
74.59,3360690,3384592,-28.36,0
74.64,3360722,3384600,49.31,0
74.67,3360725,3384623,98.26,0
74.72,3360771,3384701,117.32,0
74.76,3360867,3384890,120.48,0
74.80,3360846,3384905,119.63,0
74.84,3360814,3384960,109.04,0
74.88,3360856,3384991,85.33,0
74.92,3360862,3384973,58.0,0
74.96,3360896,3385052,35.4,0
75.00,3360914,3385098,20.68,0
75.04,3360810,3384950,5.85,0
75.08,3360639,3384540,-30.23,1
75.12,3360447,3384126,-101.86,0
75.18,3360470,3384134,-189.94,0
75.22,3360513,3384239,-247.0,0
75.26,3360618,3384441,-238.36,0
75.30,3360626,3384581,-167.89,0
75.34,3360733,3384726,-64.92,0
75.38,3360711,3384670,37.62,0
75.42,3360696,3384659,109.23,0
75.46,3360767,3384733,140.09,0
75.50,3360744,3384777,142.03,0
75.54,3360819,3384916,129.03,0
75.58,3360829,3384923,114.18,0
75.62,3360827,3384948,100.99,0
75.66,3360884,3385026,88.16,0
75.70,3360843,3385015,75.04,0
75.74,3360837,3385035,55.5,0
75.80,3360864,3385073,29.99,0
75.84,3360887,3385090,7.72,0
75.88,3360759,3384800,-14.17,1
75.92,3360574,3384408,-55.96,0
75.96,3360461,3384206,-126.64,0
76.00,3360489,3384275,-200.04,0
76.02,3360535,3384413,-234.76,0
76.06,3360517,3384506,-214.89,0
76.10,3360551,3384617,-155.56,0
76.14,3360482,3384516,-83.81,0
76.18,3360515,3384542,-22.97,0
76.23,3360485,3384516,19.05,0
76.27,3360539,3384560,46.21,0
76.31,3360506,3384611,64.52,0
76.35,3360562,3384716,77.9,0
76.39,3360574,3384796,90.67,0
76.45,3360590,3384808,103.19,0
76.49,3360601,3384793,111.16,0
76.53,3360609,3384895,111.77,0
76.57,3360650,3384908,106.21,0
76.61,3360621,3384910,95.84,0
76.65,3360510,3384699,71.76,0
76.67,3360347,3384292,19.6,0
76.71,3360238,3384045,-60.78,1
76.75,3360270,3384121,-141.52,0
76.79,3360371,3384283,-179.84,0
76.83,3360423,3384460,-154.54,0
76.87,3360461,3384531,-82.13,0
76.91,3360481,3384594,3.14,0
76.95,3360499,3384594,72.41,0
76.99,3360496,3384575,110.78,0
77.03,3360527,3384677,118.65,0
77.07,3360534,3384671,106.88,0
77.11,3360565,3384755,87.67,0
77.15,3360585,3384807,70.09,0
77.19,3360609,3384884,58.13,0
77.23,3360597,3384905,49.22,0
77.29,3360641,3384937,40.28,0
77.33,3360637,3384973,31.52,0
77.37,3360671,3385001,22.99,0
77.41,3360618,3384863,11.55,0
77.45,3360362,3384306,-21.68,1
77.49,3360277,3384066,-92.64,0
77.51,3360265,3384023,-176.3,0
77.55,3360345,3384221,-225.57,0
77.59,3360418,3384417,-211.79,0
77.63,3360527,3384620,-137.48,0
77.67,3360552,3384672,-30.75,0
77.72,3360574,3384661,69.3,0
77.76,3360614,3384734,135.99,0
77.80,3360624,3384755,163.89,0
77.84,3360651,3384853,159.74,0
77.88,3360678,3384932,136.98,0
77.94,3360728,3385011,110.59,0
77.98,3360766,3385097,90.78,0
78.02,3360801,3385146,79.45,0
78.06,3360794,3385157,70.51,0
78.10,3360805,3385221,56.01,0
78.14,3360836,3385287,35.43,0
78.16,3360873,3385275,15.31,0
78.20,3360656,3384832,-13.01,1
78.24,3360467,3384424,-75.04,0
78.28,3360447,3384348,-166.04,0
78.32,3360522,3384510,-238.59,0
78.36,3360546,3384655,-252.88,0
78.40,3360584,3384815,-208.22,0
78.44,3360690,3384988,-124.12,0
78.48,3360660,3384968,-27.32,0
78.52,3360630,3384890,47.88,0
78.56,3360652,3384936,83.87,0
78.60,3360643,3384965,88.21,0
78.64,3360712,3385096,78.61,0
78.68,3360683,3385133,69.4,0
78.72,3360702,3385169,62.57,0
78.78,3360768,3385270,60.23,0
78.82,3360779,3385324,65.85,0
78.86,3360791,3385325,73.2,0
78.90,3360810,3385350,74.71,0
78.94,3360709,3385094,62.12,0
78.98,3360505,3384613,18.05,0
79.02,3360453,3384458,-60.58,1
79.06,3360445,3384471,-142.25,0
79.10,3360548,3384649,-184.47,0
79.14,3360571,3384758,-167.23,0
79.19,3360694,3384998,-99.98,0
79.23,3360689,3384962,-9.4,0
79.27,3360656,3384952,67.48,0
79.31,3360661,3384963,104.96,0
79.35,3360677,3385002,105.82,0
79.40,3360744,3385074,89.93,0
79.44,3360751,3385146,75.38,0
79.48,3360760,3385198,65.92,0
79.52,3360785,3385261,58.76,0
79.56,3360796,3385296,52.54,0
79.62,3360810,3385328,45.47,0
79.67,3360919,3385487,41.79,0
79.70,3360866,3385446,43.55,0
79.75,3360837,3385394,37.31,0
79.78,3360751,3385142,10.28,0
79.83,3360599,3384799,-42.59,1
79.83,3360629,3384778,-110.13,0
79.87,3360645,3384857,-159.77,0
79.91,3360721,3385043,-166.06,0
79.95,3360824,3385237,-123.76,0
79.99,3360849,3385334,-47.93,0
80.05,3360871,3385355,30.19,0
80.09,3360860,3385314,83.52,0
80.13,3360868,3385356,101.8,0
80.17,3360921,3385445,93.9,0
80.21,3360859,3385446,72.62,0
80.25,3360947,3385571,47.19,0
80.27,3360973,3385627,31.3,0
80.31,3360967,3385645,27.76,0
80.35,3360966,3385678,26.17,0
80.39,3360957,3385698,19.15,0
80.43,3360978,3385751,6.7,0
80.47,3360981,3385757,-6.48,1
80.51,3360853,3385491,-24.78,0
80.55,3360673,3385127,-65.44,0
80.59,3360593,3384996,-131.78,0
80.63,3360618,3384982,-195.13,0
80.68,3360724,3385177,-214.76,0
80.72,3360735,3385302,-174.93,0
80.76,3360802,3385416,-94.25,0
80.80,3360774,3385425,-4.94,0
80.84,3360729,3385333,60.89,0
80.89,3360780,3385368,90.69,0
80.93,3360731,3385344,93.48,0
80.97,3360759,3385401,80.55,0
81.01,3360796,3385465,66.24,0
81.05,3360779,3385501,59.85,0
81.09,3360784,3385554,57.81,0
81.09,3360763,3385503,54.15,0
81.14,3360762,3385525,45.72,0
81.17,3360766,3385506,33.9,0
81.22,3360773,3385506,22.76,0
81.25,3360704,3385350,10.61,0
81.30,3360506,3384892,-17.96,1
81.34,3360379,3384626,-76.41,0
81.38,3360369,3384675,-147.24,0
81.42,3360412,3384738,-190.99,0
81.46,3360487,3384890,-180.23,0
81.52,3360569,3385124,-114.47,0
81.56,3360574,3385154,-18.8,0
81.60,3360593,3385155,70.64,0
81.64,3360656,3385236,132.81,0
81.68,3360569,3385172,159.97,0
81.72,3360657,3385313,153.31,0
81.76,3360630,3385356,129.3,0
81.80,3360652,3385398,101.37,0
81.84,3360709,3385464,78.47,0
81.88,3360660,3385452,63.88,0
81.92,3360728,3385529,52.6,0
81.96,3360722,3385504,44.16,0
82.00,3360759,3385596,37.91,0
82.04,3360731,3385511,29.6,0
82.08,3360614,3385215,8.3,0
82.14,3360388,3384780,-44.59,1
82.18,3360345,3384673,-128.38,0
82.22,3360427,3384806,-202.22,0
82.26,3360452,3384893,-222.62,0
82.30,3360501,3385084,-183.83,0
82.34,3360593,3385225,-103.77,0
82.34,3360542,3385190,-11.8,0
82.38,3360546,3385172,57.87,0
82.42,3360564,3385194,91.85,0
82.46,3360567,3385273,97.99,0
82.50,3360609,3385323,89.9,0
82.54,3360633,3385413,80.93,0
82.58,3360674,3385496,78.02,0
82.62,3360671,3385528,79.51,0
82.66,3360693,3385562,79.2,0
82.70,3360704,3385600,73.59,0
82.76,3360683,3385580,60.84,0
82.80,3360741,3385663,43.03,0
82.84,3360584,3385390,18.56,0
82.88,3360434,3385016,-28.84,1
82.92,3360231,3384604,-108.65,0
82.98,3360272,3384660,-197.93,0
83.02,3360360,3384796,-246.96,0
83.06,3360370,3384897,-227.27,0
83.10,3360444,3385103,-152.77,0
83.14,3360443,3385138,-54.66,0
83.18,3360519,3385176,37.91,0
83.19,3360559,3385197,109.73,0
83.23,3360504,3385189,150.54,0
83.27,3360533,3385232,154.68,0
83.31,3360550,3385277,134.53,0
83.35,3360577,3385302,108.26,0
83.41,3360571,3385325,85.19,0
83.45,3360577,3385384,66.13,0
83.49,3360590,3385392,50.14,0
83.53,3360599,3385481,37.23,0
83.57,3360660,3385551,29.43,0
83.63,3360655,3385545,27.74,0
83.67,3360539,3385329,19.23,0
83.71,3360283,3384781,-23.19,1
83.75,3360287,3384625,-103.19,0
83.79,3360285,3384654,-180.37,0
83.83,3360319,3384800,-214.04,0
83.83,3360378,3385000,-192.02,0
83.87,3360417,3385101,-125.0,0
83.91,3360450,3385151,-38.68,0
83.95,3360331,3384991,32.57,0
83.99,3360398,3385077,66.85,0
84.03,3360419,3385113,74.97,0
84.07,3360444,3385164,75.68,0
84.11,3360471,3385246,77.1,0
84.15,3360507,3385323,82.41,0
84.19,3360581,3385459,93.35,0
84.25,3360549,3385437,105.36,0
84.29,3360537,3385499,105.05,0
84.33,3360589,3385548,89.49,0
84.37,3360589,3385566,68.34,0
84.41,3360507,3385462,41.61,0
84.45,3360279,3384968,-7.84,1
84.49,3360134,3384544,-92.21,0
84.53,3360123,3384511,-188.25,0
84.57,3360156,3384633,-249.87,0
84.61,3360235,3384851,-246.73,0
84.66,3360315,3385065,-178.75,0
84.70,3360380,3385156,-70.56,0
84.74,3360361,3385135,39.02,0
84.78,3360355,3385132,114.67,0
84.82,3360346,3385172,143.37,0
84.87,3360347,3385221,134.14,0
84.91,3360403,3385353,108.21,0
84.95,3360458,3385392,88.4,0
84.99,3360495,3385501,84.7,0
85.03,3360515,3385539,91.52,0
85.07,3360541,3385548,98.02,0
85.09,3360534,3385609,95.53,0
85.14,3360527,3385608,78.98,0
85.17,3360553,3385607,51.4,0
85.22,3360337,3385181,9.5,0
85.25,3360124,3384628,-65.47,1
85.30,3360071,3384486,-167.88,0
85.34,3360069,3384502,-254.65,0
85.38,3360104,3384598,-286.21,0
85.42,3360200,3384826,-249.12,0
85.46,3360262,3385033,-155.25,0
85.52,3360308,3385078,-36.75,0
85.56,3360318,3385082,69.56,0
85.60,3360295,3385073,136.97,0
85.64,3360284,3385128,156.81,0
85.68,3360377,3385244,145.09,0
85.72,3360409,3385337,128.7,0
85.74,3360437,3385408,119.57,0
85.78,3360499,3385503,117.28,0
85.82,3360490,3385501,117.15,0
85.86,3360509,3385569,110.14,0
85.90,3360524,3385614,92.62,0
85.94,3360524,3385636,67.08,0
85.98,3360515,3385583,36.0,0
86.02,3360303,3385054,-9.2,1
86.06,3360097,3384588,-87.04,0
86.10,3360141,3384601,-183.85,0
86.14,3360254,3384868,-244.93,0
86.18,3360338,3385124,-231.52,0
86.22,3360402,3385282,-152.57,0
86.26,3360397,3385247,-47.78,0
86.36,3360429,3385299,42.15,0
86.40,3360443,3385345,97.32,0
86.44,3360495,3385459,119.18,0
86.48,3360546,3385546,121.16,0
86.52,3360573,3385661,115.69,0
86.56,3360562,3385726,105.03,0
86.60,3360624,3385788,89.89,0
86.64,3360710,3385901,79.46,0
86.68,3360730,3385990,78.79,0
86.72,3360836,3386093,84.14,0
86.77,3360808,3386003,88.46,0
86.81,3360547,3385451,64.02,0
86.85,3360376,3385011,-18.86,1
86.89,3360344,3384979,-140.85,0
86.93,3360353,3385069,-245.38,0
86.99,3360412,3385291,-288.05,0
87.03,3360473,3385449,-257.45,0
87.07,3360571,3385635,-169.47,0
87.11,3360529,3385570,-60.06,0
87.15,3360612,3385649,33.5,0
87.20,3360646,3385773,97.28,0
87.25,3360730,3385904,135.13,0
87.28,3360689,3385897,150.07,0
87.33,3360761,3386029,144.18,0
87.36,3360648,3385912,119.91,0
87.41,3360735,3386044,82.06,0
87.45,3360698,3386018,44.39,0
87.49,3360719,3386046,15.45,0
87.53,3360746,3386086,-2.67,1
87.57,3360648,3385902,-15.0,0
87.63,3360409,3385408,-46.72,0
87.67,3360217,3384977,-119.42,0
87.71,3360261,3385047,-210.21,0
87.75,3360367,3385240,-260.25,0
87.79,3360421,3385413,-234.2,0
87.85,3360560,3385738,-141.03,0
87.89,3360530,3385708,-17.21,0
87.93,3360475,3385649,85.66,0
87.97,3360469,3385702,134.75,0
88.01,3360555,3385805,139.9,0
88.05,3360554,3385849,128.17,0
88.09,3360647,3385973,117.79,0
88.13,3360664,3386031,116.92,0
88.17,3360612,3386000,116.89,0
88.21,3360652,3386063,104.95,0
88.25,3360692,3386123,85.71,0
88.30,3360668,3386136,65.63,0
88.33,3360694,3386150,43.95,0
88.38,3360505,3385855,11.64,0
88.42,3360231,3385253,-55.65,1
88.47,3360170,3385037,-160.15,0
88.51,3360223,3385139,-254.02,0
88.55,3360304,3385306,-283.58,0
88.59,3360364,3385525,-234.74,0
88.63,3360444,3385687,-130.48,0
88.67,3360474,3385696,-8.9,0
88.71,3360474,3385697,92.23,0
88.75,3360461,3385724,148.82,0
88.79,3360506,3385821,161.24,0
88.88,3360555,3385914,149.39,0
88.92,3360653,3386067,136.61,0
88.96,3360658,3386092,133.23,0
89.00,3360668,3386125,131.24,0
89.04,3360741,3386236,123.67,0
89.10,3360714,3386222,110.03,0
89.14,3360672,3386144,83.18,0
89.18,3360456,3385572,28.35,0
89.22,3360238,3385125,-67.93,1
89.26,3360181,3385014,-189.71,0
89.32,3360256,3385126,-284.04,0
89.36,3360278,3385280,-306.35,0
89.40,3360400,3385562,-251.02,0
89.44,3360446,3385678,-141.08,0
89.48,3360469,3385714,-17.07,0
89.52,3360445,3385716,80.01,0
89.56,3360492,3385817,131.85,0
89.60,3360547,3385905,147.93,0
89.64,3360628,3386073,149.37,0
89.68,3360731,3386245,153.66,0
89.74,3360902,3386438,172.98,0
89.78,3361005,3386589,208.54,0
89.82,3361160,3386781,248.57,0
89.86,3361223,3386933,276.85,0
89.90,3361410,3387152,284.37,0
89.96,3361356,3386991,265.69,0
90.00,3361157,3386522,197.42,0
90.04,3361115,3386252,68.44,0
90.08,3361075,3386213,-86.13,1
90.12,3361165,3386417,-213.01,0
90.16,3361222,3386592,-274.54,0
90.16,3361320,3386802,-264.73,0
90.20,3361354,3386872,-205.76,0
90.24,3361330,3386875,-135.42,0
90.28,3361312,3386809,-87.58,0
90.32,3361212,3386718,-78.1,0
90.36,3361168,3386740,-104.87,0
90.41,3361168,3386800,-145.81,0
90.44,3361206,3386862,-170.61,0
90.48,3361180,3386891,-164.59,0
90.53,3361124,3386854,-137.7,0
90.58,3361116,3386860,-106.45,0
90.62,3361091,3386844,-77.74,0
90.66,3360953,3386728,-60.09,0
90.70,3360835,3386578,-66.05,0
90.74,3360587,3386057,-102.47,0
90.79,3360223,3385364,-177.18,0
90.83,3360131,3385229,-276.91,0
90.87,3360144,3385325,-345.74,0
90.91,3360069,3385350,-338.64,0
90.95,3360164,3385569,-254.26,0
90.99,3360123,3385592,-116.75,0
91.03,3360076,3385548,29.43,0
91.07,3360007,3385464,141.4,0
91.11,3359968,3385447,202.38,0
91.15,3360032,3385576,225.33,0
